title,organizer,status,location,event_mode,start_date,end_date,registration_deadline,team_size_min,team_size_max,prize,prize_amount,currency,tags,source_url,source_website,scraped_at,id,event_name,college_name,city,state,country,start_date_formatted,category,eligible_departments,registration_fee,registration_url,official_website_url,brochure_url,organizer_email,contact_details,venue_address,about_event,events_summary,certificates_provided,event_url
Smart Ration Dispenser 2026,SRM Institute of Science and Technology Kattankulathur Campus,Upcoming,"Chennai, Tamil Nadu",Offline,2026-09-15,N/A,2026-08-15,1,5,N/A,N/A,N/A,"Hackathon, CSE, AIDS, ECE, IT, EEE, Instrumentation, Mechanical, Industrial, Design",https://www.knowafest.com/explore/events/2026/07/2208-smart-ration-dispenser-2026-srm-institute-science-technology-kattankulathur-campus-hackathon-chennai,knowafest.com,2026-09-14T15:02:05Z,1,Smart Ration Dispenser 2026,SRM Institute of Science and Technology Kattankulathur Campus,Chennai,Tamil Nadu,India,15th September 2026,Hackathon,"CSE, AIDS, ECE, IT, EEE, Instrumentation, Mechanical, Industrial, Design",Rs.500/per student team,https://docs.google.com/forms/d/e/1FAIpQLSe4_uASmBq7jPMOm9BoMgxwXRgCnEIc74IwNizITAvnLc-_bw/viewform,https://www.srmist.edu.in/events/smart-ration-dispenser-hackathon/,N/A,vijayaa@srmist.edu.in,"Ms.Praggya Mukherjee, 9875374311

Dr.A.Vijaya, 8939917225, vijayaa@srmist.edu.in",N/A,"A Multidisciplinary team with max of 5 partcipants can register for hackathon. The team should work on the development of working model and exhibit on 15th Sepetember 2026 at SRMIST, Mechanical department Hangar","Engineers Day Celebration in collaboration with IEI , KTR and NSS",Certificates will be provided to Participants,https://www.knowafest.com/explore/events/2026/07/2208-smart-ration-dispenser-2026-srm-institute-science-technology-kattankulathur-campus-hackathon-chennai
SUSTAINVERSE 2K26,DMI College of Engineering,Upcoming,"chennai, Tamil Nadu",Hybrid,2026-09-15,2026-09-16,2026-09-10,1,4,"Prize Pool: ₹22,000",22000.0,INR,"24 Hours Hackathon, CSE, AIDS, ECE, IT, EEE, Mechanical, BioTechnology",https://www.knowafest.com/explore/events/2026/09/0425-sustainverse-2k26-dmi-college-engineering-24-hours-hackathon-chennai,knowafest.com,2026-09-14T15:02:05Z,2,SUSTAINVERSE 2K26,DMI College of Engineering,chennai,Tamil Nadu,India,15th - 16th September 2026,24 Hours Hackathon,"CSE, AIDS, ECE, IT, EEE, Mechanical, BioTechnology","₹400 per shortlisted team (up to 4 members)

₹200 for shortlisted individual participants

No registration fee is collected during Round 1 idea submission.

Registration fee will be collected only from participants/teams shortlisted for the final 24-hour hackathon.",https://docs.google.com/forms/d/e/1FAIpQLSeAS3DsjDiF2ywWnl1Nb4DLGTBEDBh9-w3-t3Ur2e8gmaWRLg/viewform?usp=send_form,https://sustainverse2k26.vercel.app,N/A,samrohan3007@gmail.com,"Student Coordinators:

Nandhini – +91 90424 89120

Samuel Rohan – +91 82209 93325

Faculty Coordinators:

Mrs. A. Divya – +91 88517 83950

Ms. U. Narmadha – +91 84282 00851","DMI College of Engineering is located on NH-48 at Palanchur – Nazarathpet Post, Chennai, Tamil Nadu – 600123.

The campus is accessible by road and is located along the Chennai–Bengaluru Highway (NH-48). Participants can reach the venue by bus, car, taxi, or other local transportation.","🌱 SUSTAINVERSE 2K26 – A 24-Hour Hackathon for a Sustainable Tomorrow

DMI College of Engineering, Chennai, proudly presents SUSTAINVERSE 2K26, organized by the Department of Artificial Intelligence & Data Science.

SUSTAINVERSE 2K26 challenges students to PLAN • INNOVATE • SUSTAIN by creating technology-driven solutions for real-world problems aligned with the United Nations Sustainable Development Goals (SDGs).

Hackathon Themes:

• AI & ML

• Education

• Healthcare

• Cybersecurity

• Open Innovation

The hackathon follows a two-stage process.

ROUND 1 – REGISTRATION & IDEA SHORTLISTING

All participating teams must submit their preliminary idea through the Round 1 registration process. The submitted problem statement, proposed solution, and presentation will be evaluated for preliminary shortlisting.

Only 30 teams will be shortlisted for the final 24-hour hackathon.

Round 1 evaluation criteria:

• Uniqueness

• Novelty

• Innovation

• Problem Relevance

• SDG Alignment

• Feasibility

• Potential Impact

Teams are required to prepare and submit their presentation using the official SUSTAINVERSE 2K26 Round 1 PPT template.

IMPORTANT:

The Problem Statement and Idea submitted during Round 1 are only for the shortlisting process. They do not lock your team into the same problem or idea for the final hackathon. Shortlisted teams may refine, change, or choose a different problem or idea during the final 24-hour hackathon.

FINAL ROUND – 24-HOUR HACKATHON

The shortlisted 30 teams will participate in the final 24-hour offline hackathon at DMI College of Engineering.

Participants will collaborate, build prototypes, develop innovative solutions, and compete to create meaningful real-world impact.

Hackathon Details:

Date: September 15–16, 2026

Duration: 24 Hours

Venue: DMI College of Engineering, Chennai

Team Size: Up to 4 Members

Shortlisted Teams: 30

Registration Fee:

No registration fee is collected during Round 1.

₹400 per shortlisted team (up to 4 members)

₹200 for shortlisted individual participants

Registration fee will be collected only from teams/participants shortlisted for the final 24-hour hackathon.

Prize Pool: ₹22,000

1st Prize: ₹10,000

2nd Prize: ₹7,000

3rd Prize: ₹5,000

IMPORTANT DATES:

Round 1 Registration & Idea Submission Deadline: September 10, 2026

Final 24-Hour Hackathon: September 15–16, 2026

Start Time: September 15, 2026 – 10:00 AM onwards

REGISTRATION:

Round 1 Registration & Idea Submission:

https://docs.google.com/forms/d/1L31hyz8plrCdK8ovzA3tOXcl6Bl6I3sxoypyFe6vP-s/viewform

Official Event Website:

https://sustainverse2k26.vercel.app/

ROUND 1 SELECTION CRITERIA:

https://docs.google.com/document/d/1QMOKTf2uxg83lpBkeg_WkG6jMCpaTYHY/edit

OFFICIAL ROUND 1 PPT TEMPLATE:

https://docs.google.com/presentation/d/1cEkmFLeww6kZL0mM-7pUy7fe1pBHnR_-/edit

CONTACT:

Nandhini: +91 90424 89120

Samuel Rohan: +91 82209 93325

Faculty Coordinators:

Mrs. A. Divya: +91 88517 83950

Ms. U. Narmadha: +91 84282 00851

PLAN. INNOVATE. SUSTAIN.

Think different. Build meaningful solutions. Create a sustainable tomorrow.","Round 1 Idea Shortlisting

24-Hour Hackathon – SUSTAINVERSE 2K26",Certificates will be provided to Participants,https://www.knowafest.com/explore/events/2026/09/0425-sustainverse-2k26-dmi-college-engineering-24-hours-hackathon-chennai
SUSTAINVERSE 2K26,DMI College of Engineering,Upcoming,"Chennai, Tamil Nadu",Hybrid,2026-09-15,2026-09-16,2026-09-10,1,4,"Prize Pool: ₹22,000",22000.0,INR,"24 Hours Hackathon, CSE, AIDS, ECE, IT, EEE, Mechanical, BioTechnology",https://www.knowafest.com/explore/events/2026/09/0429-sustainverse-2k26-dmi-college-engineering-24-hours-hackathon-chennai,knowafest.com,2026-09-14T15:02:06Z,3,SUSTAINVERSE 2K26,DMI College of Engineering,Chennai,Tamil Nadu,India,15th - 16th September 2026,24 Hours Hackathon,"CSE, AIDS, ECE, IT, EEE, Mechanical, BioTechnology","₹400 per shortlisted team (up to 4 members)

₹200 for shortlisted individual participants

No registration fee is collected during Round 1 idea submission.

Registration fee will be collected only from participants/teams shortlisted for the final 24-hour hackathon.",https://docs.google.com/forms/d/e/1FAIpQLSeAS3DsjDiF2ywWnl1Nb4DLGTBEDBh9-w3-t3Ur2e8gmaWRLg/viewform?usp=send_form,https://sustainverse2k26.vercel.app,N/A,samrohan3007@gmail.com,"Student Coordinators:

Nandhini – +91 90424 89120

Samuel Rohan – +91 82209 93325

Faculty Coordinators:

Mrs. A. Divya – +91 88517 83950

Ms. U. Narmadha – +91 84282 00851","DMI College of Engineering is located on NH-48 at Palanchur – Nazarathpet Post, Chennai, Tamil Nadu – 600123.

The campus is accessible by road and is located along the Chennai–Bengaluru Highway (NH-48). Participants can reach the venue by bus, car, taxi, or other local transportation.","🌱 SUSTAINVERSE 2K26 – A 24-Hour Hackathon for a Sustainable Tomorrow

DMI College of Engineering, Chennai, proudly presents SUSTAINVERSE 2K26, organized by the Department of Artificial Intelligence & Data Science.

SUSTAINVERSE 2K26 challenges students to PLAN • INNOVATE • SUSTAIN by creating technology-driven solutions for real-world problems aligned with the United Nations Sustainable Development Goals (SDGs).

Hackathon Themes:

• AI & ML

• Education

• Healthcare

• Cybersecurity

• Open Innovation

The hackathon follows a two-stage process.

ROUND 1 – REGISTRATION & IDEA SHORTLISTING

All participating teams must submit their preliminary idea through the Round 1 registration process. The submitted problem statement, proposed solution, and presentation will be evaluated for preliminary shortlisting.

Only 30 teams will be shortlisted for the final 24-hour hackathon.

Round 1 evaluation criteria:

• Uniqueness

• Novelty

• Innovation

• Problem Relevance

• SDG Alignment

• Feasibility

• Potential Impact

Teams are required to prepare and submit their presentation using the official SUSTAINVERSE 2K26 Round 1 PPT template.

IMPORTANT:

The Problem Statement and Idea submitted during Round 1 are only for the shortlisting process. They do not lock your team into the same problem or idea for the final hackathon. Shortlisted teams may refine, change, or choose a different problem or idea during the final 24-hour hackathon.

FINAL ROUND – 24-HOUR HACKATHON

The shortlisted 30 teams will participate in the final 24-hour offline hackathon at DMI College of Engineering.

Participants will collaborate, build prototypes, develop innovative solutions, and compete to create meaningful real-world impact.

Hackathon Details:

Date: September 15–16, 2026

Duration: 24 Hours

Venue: DMI College of Engineering, Chennai

Team Size: Up to 4 Members

Shortlisted Teams: 30

Registration Fee:

No registration fee is collected during Round 1.

₹400 per shortlisted team (up to 4 members)

₹200 for shortlisted individual participants

Registration fee will be collected only from teams/participants shortlisted for the final 24-hour hackathon.

Prize Pool: ₹22,000

1st Prize: ₹10,000

2nd Prize: ₹7,000

3rd Prize: ₹5,000

IMPORTANT DATES:

Round 1 Registration & Idea Submission Deadline: September 10, 2026

Final 24-Hour Hackathon: September 15–16, 2026

Start Time: September 15, 2026 – 10:00 AM onwards

REGISTRATION:

Round 1 Registration & Idea Submission:

https://docs.google.com/forms/d/1L31hyz8plrCdK8ovzA3tOXcl6Bl6I3sxoypyFe6vP-s/viewform

Official Event Website:

https://sustainverse2k26.vercel.app/

ROUND 1 SELECTION CRITERIA:

https://docs.google.com/document/d/1QMOKTf2uxg83lpBkeg_WkG6jMCpaTYHY/edit

OFFICIAL ROUND 1 PPT TEMPLATE:

https://docs.google.com/presentation/d/1cEkmFLeww6kZL0mM-7pUy7fe1pBHnR_-/edit

CONTACT:

Nandhini: +91 90424 89120

Samuel Rohan: +91 82209 93325

Faculty Coordinators:

Mrs. A. Divya: +91 88517 83950

Ms. U. Narmadha: +91 84282 00851

PLAN. INNOVATE. SUSTAIN.

Think different. Build meaningful solutions. Create a sustainable tomorrow.","Round 1 Idea Shortlisting

24-Hour Hackathon – SUSTAINVERSE 2K26",Certificates will be provided to Participants,https://www.knowafest.com/explore/events/2026/09/0429-sustainverse-2k26-dmi-college-engineering-24-hours-hackathon-chennai
D-Techminds 2026,Dhaanish Ahmed Institute of Technology,Upcoming,"Coimbatore, Tamil Nadu",Offline,2026-09-15,N/A,2026-09-13,1,4,N/A,N/A,N/A,"Product Design and Development Competetion, CSE, ECE, IT, EEE, Mechanical, Chemical, Metallurgy, Industrial, BioTechnology, MBA, BioMedical, Mechanics, Textile, Aeronautical, Material, Mining, Automobile, Design, Marine, Media, BBA, Food, School",https://www.knowafest.com/explore/events/2026/09/1012-d-techminds-2026-dhaanish-ahmed-institute-technology-product-design-development-competetion-coimbatore,knowafest.com,2026-09-14T15:02:06Z,4,D-Techminds 2026,Dhaanish Ahmed Institute of Technology,Coimbatore,Tamil Nadu,India,15th September 2026,Product Design and Development Competetion,"CSE, ECE, IT, EEE, Mechanical, Chemical, Metallurgy, Industrial, BioTechnology, MBA, BioMedical, Mechanics, Textile, Aeronautical, Material, Mining, Automobile, Design, Marine, Media, BBA, Food, School",200 per Team,https://docs.google.com/forms/d/e/1FAIpQLSewHTG8s8ZmyOCUCEAwjCjb2kY94y7IiRFjPFJYOl28voaIPQ/viewform,http://www.dhaanishtech.ac.in/,N/A,rajkumarait32@gmail.com,"Mr P Raj Kumar, AP/RA

Contact No: 9965484592",N/A,"D-Techminds 2026: Product Design & Development Competition

Dhaanish Ahmed Institute of Technology (DAIT), Coimbatore, is organizing D-Techminds 2026, a national-level product design and development competition held in celebration of Engineer’s Day. The event invites innovative student solutions across cutting-edge engineering domains.

Key Event Details

Institution: Dhaanish Ahmed Institute of Technology (DAIT), Coimbatore","Event Name: D-Techminds 2026 (Celebrations of Engineer's Day)

Competition Type: Product Design & Development Competition

Team Size: 1–4 Members (Interdisciplinary teams encouraged)

Registration Fee: ₹200 per team

Rewards: Cash Awards & Exciting Prizes

Last Date for Submission: September 13, 2026

Idea Presentation Date: September 15, 2026

Focus Areas

AI & Data Intelligence

Robotics & Automation Systems

IoT & Smart Systems

Drones & Autonomous Mobility

EV, Energy & Future Mobility

Green Technology & Circular Economy

Industry 4.0 & Smart Manufacturing

Healthcare & Assistive Technology

AgriTech & Community Innovation

Deep-Tech & Entrepreneurship",Certificates will be provided to Participants,https://www.knowafest.com/explore/events/2026/09/1012-d-techminds-2026-dhaanish-ahmed-institute-technology-product-design-development-competetion-coimbatore
Sensora 2.0,Vellore Institute of Technology,Upcoming,"Vellore, Tamil Nadu",Offline,2026-09-16,2026-09-17,N/A,2,4,"CASH PRIZES

📜 Certificates & Recognition",N/A,N/A,"Hackathon, CSE, AIDS, ECE, IT, EEE, Instrumentation, Mechanical, Civil, Energy, Industrial, BioTechnology, Ocean, BioMedical",https://www.knowafest.com/explore/events/2026/08/2305-sensora-2-0-vellore-institute-technology-hackathon,knowafest.com,2026-09-14T15:02:07Z,5,Sensora 2.0,Vellore Institute of Technology,Vellore,Tamil Nadu,India,16th - 17th September 2026,Hackathon,"CSE, AIDS, ECE, IT, EEE, Instrumentation, Mechanical, Civil, Energy, Industrial, BioTechnology, Ocean, BioMedical",Registration Fees?: (₹250+gst) per member,https://gravitas.vit.ac.in/events/cab0613c-32a8-4af3-8533-92df3ff128a2,https://gravitas.vit.ac.in/events/cab0613c-32a8-4af3-8533-92df3ff128a2,N/A,isoi@vit.ac.in,STUDENT COORDINATOR: Abisek Sasikumar - 90809 91640,"VIT Vellore - 632014 Tamil Nadu, India","🚀 SENSORA 2.0 – Gravitas VIT

🔥 36 Hours of Building, Innovation & Challenge

🧠 Tracks on Hardware, Software, IoT, AI, Healthcare Tech & Embedded Systems

👨‍🏫 Expert Mentorship & Industry Insights

🤝 Team: 2-4 Members

🏆 Exciting CASH PRIZES

📜 Certificates & Recognition",Sensora 2.0,Certificates will be provided to Participants,https://www.knowafest.com/explore/events/2026/08/2305-sensora-2-0-vellore-institute-technology-hackathon
COREX 2K26,Erode Sengunthar Engineering College,Upcoming,"Erode, Tamil Nadu",Offline,2026-09-16,N/A,2026-09-15,2,4,"Cash Prize: ₹10,000",10000.0,INR,"Hackathon, EEE",https://www.knowafest.com/explore/events/2026/09/0708-corex-2k26-erode-sengunthar-engineering-college-hackathon,knowafest.com,2026-09-14T15:02:07Z,6,COREX 2K26,Erode Sengunthar Engineering College,Erode,Tamil Nadu,India,16th September 2026,Hackathon,EEE,Entry Fee: ₹200 per head,https://forms.gle/hvD2nmsvdush2MFy5,https://erode-sengunthar.ac.in,https://drive.google.com/file/d/1B2mQ3EYPezWXVIbyvceTT8NzOwM4w0SB/view?usp=drive_link,corex2k26@gmail.com,"Event Coordinator:

Mr.E. Immanuvel Bright, AP/EEE

9841788501

Student Coordinators:

1.Mr. Maheshrai M.E /EEE

2.Mr. Kavin C I EEE

8838520374

9361010136","ERODE,PERUNDURAI,THUDUPATHI,ERODE SENGUNTHAR ENGINEERING COLLEGE.","🔥 CORE X 2K26 – ONE DAY HACKATHON 🔥

CODE. COLLABORATE. CONQUER.

Are you ready to solve real-world problems with innovative ideas? 💡

The Department of Electrical & Electronics Engineering, in association with IEEE, proudly presents CORE X 2K26 – One Day Hackathon! 🚀

🤝 What makes CORE X special?

We encourage interdisciplinary teams! Each team is encouraged to include at least ONE student from a Core Engineering Branch such as:

⚡ EEE | 📡 ECE | 🎛️ EIE |

along with students from other relevant disciplines.

💡 Bring different perspectives. Combine engineering + technology + creativity and build solutions that can make a real-world impact!

👥 Team Size: 2–4 Members

💰 Entry Fee: ₹200 per head

🏆 Total Cash Prize: ₹10,000

📅 Date: 16 September 2026 (Wednesday)

🎓 Certificates for All Participants

👨‍🏫 Mentoring & Guidance

🔥 Real-World Challenges | Innovation | Collaboration | Recognition

👉 Don't come alone with just a coding idea — come with a team that can turn an idea into a working engineering solution!

📲 Scan the QR code in the poster and register now!

CORE X 2K26

One Day. Unlimited Ideas. Real Impact. 🚀",Hackathon,Certificates will be provided to Participants,https://www.knowafest.com/explore/events/2026/09/0708-corex-2k26-erode-sengunthar-engineering-college-hackathon
MAAYAI'26,Erode Sengunthar Engineering College,Upcoming,"Erode, Tamil Nadu",Offline,2026-09-17,2026-09-18,2026-09-13,3,4,₹300,300.0,INR,"Hackathon, CSE, IT, Design, Fashion",https://www.knowafest.com/explore/events/2026/08/1705-maayai-26-erode-sengunthar-engineering-college-hackathon,knowafest.com,2026-09-14T15:02:08Z,7,MAAYAI'26,Erode Sengunthar Engineering College,Erode,Tamil Nadu,India,17th - 18th September 2026,Hackathon,"CSE, IT, Design, Fashion","Registration Fees

₹300 per participant

Team Size: 3–4 participants per team.",https://forms.gle/ZXfbUEh6KhedxXweA,https://maayai.web.app/,https://forms.gle/ZXfbUEh6KhedxXweA,csdevents@esec.ac.in,"Contact

Event Coordinator

Ms.E.ANGEL ANNA PRATHIBA, AP/CSD - 7598162687

Ms.R.SHRI KEERTHANA, AP/CSD - 9488475775

Student Coordinator

HARIPRASATH N - 8220683194

SARVESH S - 8807648494

MATHANGI S - 8220324140","Erode Sengunthar Engineering College is located at Thudupathi, Perundurai, Erode – 638057, Tamil Nadu. The college is approximately 5 km from Perundurai Bus Stand. Participants arriving by bus can reach Perundurai Bus Stand, from where event transport can be arranged/used to reach the campus.","Maayai Game Development Hackathon

Maayai is a 24-hour game development hackathon designed to challenge participants to transform an on-the-spot problem statement into an engaging and functional game within a limited time frame. Participants will work in teams, choose from five different game development domains, and demonstrate their creativity, technical skills, game design abilities, and problem-solving approach.

The problem statement will be revealed on the spot at the beginning of the hackathon, ensuring that every team works under the same challenge and time constraints.","Maayai'26 – 24-Hour Game Development Hackathon

Event Type: Hackathon

Event Mode: Venue / Offline

Date: 17 September 2026

Duration: 24 Hours

Team Size: 3–4 Members

Registration Fee: ₹300 per Participant

Problem Statement: On-the-Spot",Certificates will be provided to Participants,https://www.knowafest.com/explore/events/2026/08/1705-maayai-26-erode-sengunthar-engineering-college-hackathon
ORION 1.0,Sathyabama Institute of Science and Technology,Upcoming,"Chennai, Tamil Nadu",Hybrid,2026-09-18,2026-09-19,2026-09-08,2,6,"prize pool of ₹1,00,000, expert evaluation, special recognitions and an intensive build-and-pitch experience.",100000.0,INR,"Open-innovation Hackathon, CSE, ECE, IT, EEE, Instrumentation, Mechanical, Civil, Aerospace",https://www.knowafest.com/explore/events/2026/08/3003-orion-1-0-sathyabama-institute-science-technology-open-innovation-hackathon-chennai,knowafest.com,2026-09-14T15:02:08Z,8,ORION 1.0,Sathyabama Institute of Science and Technology,Chennai,Tamil Nadu,India,18th - 19th September 2026,Open-innovation Hackathon,"CSE, ECE, IT, EEE, Instrumentation, Mechanical, Civil, Aerospace","Round 1 Online Qualifier: ₹100 per team.

Round 2 Offline Grand Finale: ₹250 per selected participant, applicable only to shortlisted teams.

All registration fees are strictly non-refundable and non-transferable.",https://orion-10-nine.vercel.app/,https://orion-10-nine.vercel.app/,N/A,orion.microsoftclub@gmail.com,"ORION 1.0 Organizing Team

+91 88702 27906

+91 72005 24207

+91 91765 94860","Venue: Indoor Auditorium, Sathyabama Institute of Science and Technology, Jeppiaar Nagar, Rajiv Gandhi Salai (OMR), Chennai, Tamil Nadu – 600119. The campus is accessible by MTC buses, taxis and app-based cab services through OMR. Participants should report at the main entrance and follow the ORION 1.0 venue directions displayed on campus.","ORION 1.0 is a nationwide, two-phase open-innovation hackathon organized by Microsoft Club SIST and hosted by Sathyabama Institute of Science and Technology, Chennai, in association with the School of Computing. The event begins with an online idea-submission round, from which the Top 70 teams will advance to a 24-hour offline grand finale on 18–19 September 2026. Open to teams of 2–6 members, ORION 1.0 encourages participants to develop innovative, feasible and impactful technology solutions across emerging domains. The event features a total prize pool of ₹1,00,000, expert evaluation, special recognitions and an intensive build-and-pitch experience.","Round 1 – Online Idea Submission and Pitch Deck Evaluation; Shortlisting of the Top 70 Teams; Round 2 – 24-Hour Offline Grand Finale with On-the-Spot Problem Statements; Prototype Development and Mentoring; Final Project Demonstration and Jury Pitch; Prize Distribution and Special Recognition Awards, including Best AI Innovation, Best UI/UX, Best Hardware Prototype and Best Pitch.",Certificates will be provided to Participants,https://www.knowafest.com/explore/events/2026/08/3003-orion-1-0-sathyabama-institute-science-technology-open-innovation-hackathon-chennai
ORION 1.0 — Build Beyond the Stars,Sathyabama Institute of Science and Technology,Upcoming,"Chennai, Tamil Nadu",Offline,2026-09-18,2026-09-19,2026-09-08,2,6,"Prize Pool: ₹1,00,000",100000.0,INR,"Hackathon, CSE, AIDS, ECE, IT, EEE, Instrumentation, Mechanical, MCA, Telecommunication",https://www.knowafest.com/explore/events/2026/08/3107-orion-1-0-build-beyond-stars-sathyabama-institute-science-technology-hackathon-chennai,knowafest.com,2026-09-14T15:02:08Z,9,ORION 1.0 — Build Beyond the Stars,Sathyabama Institute of Science and Technology,Chennai,Tamil Nadu,India,18th - 19th September 2026,Hackathon,"CSE, AIDS, ECE, IT, EEE, Instrumentation, Mechanical, MCA, Telecommunication","Round 1 — ₹100 per team

Finalist Stage — ₹250 per selected participant

The Round 1 registration fee is strictly non-refundable and non-transferable.",https://orion-hackathon-sist.vercel.app/,https://orion-hackathon-sist.vercel.app/,N/A,orion.hackathon.sathyabama@gmail.com,"Nihitha — President

Phone: +91 88702 27906

Harshini — Vice President

Phone: +91 72005 24207

Praveen Kumar S — Cluster Coordinator

Phone: +91 91765 94860

Email: orion.hackathon.sathyabama@gmail.com","Rajiv Gandhi Salai, Jeppiaar Nagar, Chennai, Tamil Nadu 600119","ORION 1.0 — Build Beyond the Stars – Ignite the Genesis of Innovation

ORION 1.0 is a two-phase open-innovation hackathon organized by Microsoft Club SIST and hosted by Sathyabama Institute of Science and Technology, Chennai, in association with the School of Computing.

The event brings together students and working professionals to identify real-world problems, develop innovative technology solutions, and transform ideas into meaningful impact.

The first phase is an online idea qualifier where teams submit their proposed solution, idea abstract, and pitch deck. The Top 70 teams will be shortlisted for the grand finale.

The second phase is a 24-hour offline hackathon held on 18–19 September 2026 at Sathyabama Institute of Science and Technology, Chennai. Shortlisted teams will work on problem statements announced on the spot, build and validate their solutions, and present their final prototypes.

ORION 1.0 welcomes solutions across Artificial Intelligence and Machine Learning, Web and Mobile Development, Cybersecurity, Cloud Computing, IoT, Blockchain, FinTech, HealthTech, EdTech, Sustainability, Social Impact, Hardware, Web3, Systems, and other emerging technology domains.

Team Size: 2–6 members

Registration Fee: ₹100 per team for Round 1

Finalist Stage Fee: ₹250 per selected participant

Total Prize Pool: ₹1,00,000

The hackathon will evaluate innovation and originality, technical depth, feasibility, impact, user value, and clarity of presentation.

ORION 1.0 is an opportunity to build beyond the ordinary, solve meaningful problems, and turn ideas into impact.","ORION 1.0 consists of two phases:

Round 1 — Online Idea Qualifier

Teams of 2–6 members submit their project idea, abstract, and pitch deck. The Top 70 teams are shortlisted.

Round 2 — 24-Hour Offline Grand Finale

The Top 70 teams compete in a 24-hour offline hackathon on 18–19 September 2026. Problem statements are announced on the spot, followed by development, validation, and final pitching.",Certificates will be provided to Participants,https://www.knowafest.com/explore/events/2026/08/3107-orion-1-0-build-beyond-stars-sathyabama-institute-science-technology-hackathon-chennai
IGNITRRON'26,KPR Institute of Engineering and Technology,Upcoming,"Coimbatore, Tamil Nadu",Offline,2026-09-18,2026-09-19,N/A,N/A,N/A,N/A,N/A,N/A,"National Level Techno Management Fest, CSE, AIDS, ECE, IT, EEE, Civil, Chemical, Metallurgy, Industrial, Telecommunication, Physics, BioMedical, Mechanics, Aeronautical, Mining, Automobile, Design, Launchpad, Techno Clash – Quiz, StructureX, Business Model Canvas, Research Zero to Hero, Ignitia – HR Session, Breaking the Build, IPL Mega Auction, Paper Presentation, Workshop 2",https://www.knowafest.com/explore/events/2026/09/0222-ignitrron-26-kpr-institute-engineering-technology-national-level-techno-management-fest-coimbatore,knowafest.com,2026-09-14T15:02:09Z,10,IGNITRRON'26,KPR Institute of Engineering and Technology,Coimbatore,Tamil Nadu,India,18th - 19th September 2026,National Level Techno Management Fest,"CSE, AIDS, ECE, IT, EEE, Civil, Chemical, Metallurgy, Industrial, Telecommunication, Physics, BioMedical, Mechanics, Aeronautical, Mining, Automobile, Design","ONE DAY PASS : ₹ 300

TWO DAY PASS : ₹ 400

WORKHOP AND HACKATHON : +(₹ 100)

*ADDITIONAL CHARGES FOR WORKSHOPS AND HACKATHON*",https://ignitrron-26-home.freelancerskpriet.workers.dev/,https://ignitrron-26-home.freelancerskpriet.workers.dev/,N/A,ignitrron@kpriet.ac.in,"Sutarshan C

9942912171

Hakshitha Sri P

9360183353

Srihari RR

7826825822

Suriyan KS

7200679937","KPR Institute of Engineering and Technology, Coimbatore","IGNITRRON’26 — THE NATIONAL LEVEL TECHNO MANAGEMENT FEST OF KPRIET

A celebration of technology, innovation, creativity, and competition, bringing together students to challenge themselves, showcase their skills, and experience the future of engineering.

Conducted by KPR Institute of Engineering and Technology

in association with IGNITRRON — The Technical Clubhouse of KPRIET

From technical competitions and hackathons to workshops, challenges, and immersive experiences, IGNITRRON’26 brings a diverse lineup of events designed to inspire, engage, and ignite innovation.","Day 1 & 2

Day 1 Events

· MUN Conference

· CAD Forge

· Legacy Code Rescue Challenge

· Corporate Walk

· Avengers: The Auction War

· Project Presentation

· Game Genesis X (IN.ZEROS)

· Criminal Chronicles 2.0

· Robo Race

· Drone Race

· Path Pilot (Line Follower Contest)

· Workshop 1

· Auto Show

Day 2 Events

• Launchpad

• Techno Clash – Quiz

• StructureX

• Business Model Canvas

• Research Zero to Hero

• Ignitia – HR Session

• Breaking the Build

• IPL Mega Auction

• Paper Presentation

• MILAN 26 – Merging Industry Leaders and Academicians for New Horizons 26

• Workshop 2",Certificates will be provided to Participants,https://www.knowafest.com/explore/events/2026/09/0222-ignitrron-26-kpr-institute-engineering-technology-national-level-techno-management-fest-coimbatore
INNOVYXA 2K26,JP College of Engineering,Upcoming,"Tenkasi, Tamil Nadu",Offline,2026-09-18,N/A,N/A,N/A,N/A,"PRIZE AMOUNT: ₹1,00,000*",100000.0,INR,"AI Hackathon, CSE, AIDS, IT, MCA",https://www.knowafest.com/explore/events/2026/09/0224-innovyxa-2k26-jp-college-engineering-ai-hackathon-tenkasi,knowafest.com,2026-09-14T15:02:09Z,11,INNOVYXA 2K26,JP College of Engineering,Tenkasi,Tamil Nadu,India,18th September 2026,AI Hackathon,"CSE, AIDS, IT, MCA",N/A,https://shorturl.at/ckJBS,http://jpcoe.ac.in/,N/A,jpinnovyxa@gmail.com,"Dr.D.Meenakshi

9047493349",N/A,"🚀🔥 INNOVYXA 2K26 – AI HACKATHON 🔥🚀

The Department of Computer Science and Engineering, J.P. College of Engineering, in collaboration with YAAR INNOVATION LLP, proudly presents INNOVYXA 2K26 – AI Hackathon! 🤖💡

🏆 TOTAL PRIZE AMOUNT: ₹1,00,000*

🥇 1st Prize – ₹13,000 + Internship

🥈 2nd Prize – ₹7,000 + Internship

🥉 3rd Prize – ₹5,000 + Internship

🎁 FREE INTERNSHIP IN AN AI STARTUP COMPANY FOR WINNERS!

📅 Date: 18 September 2026

⏰ Time: 9:00 AM

📍 Venue: Bertram Hall

💰 Entry Fee: ₹250 per head

📝 Last Date for Registration: 16 September 2026

✨ Turn your ideas into impact!

Bring your innovative ideas, coding skills and AI creativity to compete, collaborate and win big! 🚀

🗓️ Last Date for Registration: September 16, 2026

🎓 E-Certificate will be provided to all participants

🍴 Refreshments & Lunch will be provided

📲 Register Now!

https://shorturl.at/ckJBS

📞 Contact: 9047493349

📧 jpinnovyxa@gmail.com",Hackathon,Certificates will be provided to Winners,https://www.knowafest.com/explore/events/2026/09/0224-innovyxa-2k26-jp-college-engineering-ai-hackathon-tenkasi
DELULU TO DEPLOY 2026,St Michael College of  Engineering and Technology,Upcoming,"Kalayarkoil, Tamil Nadu",Offline,2026-09-18,2026-09-19,2026-09-10,N/A,N/A,N/A,N/A,N/A,"Hackathon, CSE",https://www.knowafest.com/explore/events/2026/09/0702-delulu-to-deploy-st-michael-college-engineering-technology-hackathon-kalayarkoil,knowafest.com,2026-09-14T15:02:10Z,12,DELULU TO DEPLOY 2026,St Michael College of  Engineering and Technology,Kalayarkoil,Tamil Nadu,India,18th - 19th September 2026,Hackathon,CSE,Per head - 450rs,https://delulu2deploy.vercel.app/#register,https://delulu2deploy.vercel.app,N/A,delulu2deploy24@gmail.com,"Vignesh K

9597801711

Munish Kumar

9361224959",St. Santhiagappar Nagar Kalayar koil - 630 551 Sivagangai district Tamil Nadu India,"DELULU 2 DEPLOY is a 24-hour innovation-driven hackathon designed to transform bold ideas into real-world, deployable solutions. The event brings together passionate students, developers, designers, and technology enthusiasts to collaborate, innovate, and solve challenging problems using emerging technologies.

Participants will work in teams to identify problems, develop innovative solutions, build working prototypes, and present their projects before a panel of judges. The hackathon encourages practical implementation, creative thinking, teamwork, and rapid development under time constraints.

With a strong focus on Artificial Intelligence, Machine Learning, Deep Learning, Cybersecurity, and emerging technologies, DELULU 2 DEPLOY provides an exciting platform for participants to experiment with ideas that may seem ambitious at first—but can become meaningful solutions through technology and execution.

The 24-hour journey will include problem-solving, ideation, development, mentoring, technical evaluation, and final project demonstrations. Participants will have the opportunity to showcase their technical skills, learn from fellow innovators, receive expert guidance, and compete for exciting prizes and recognition.

Imagine. Build. Defend. Deploy.

DELULU 2 DEPLOY is more than a hackathon—it is a platform where imagination meets engineering and ideas move from concept to deployment.","1. Registration Check & Seat Allotment

2. Chairman & CEO & Principal Address

3. Statement Reveal

4. Statement Selection and Statements Collection

5. Refreshment

6. Lunch

7. Evaluation I

8. Tea Break

9. Implementation Plan

10. Games

11. Frontend Deployment (GitHub Push)

12. Dinner

13. Games

14. Sprint 1

15. Refreshment & Games

16. Deployment Sprint 2

17. Morning Freshup

18. Breakfast

19. Final Evaluation

20. Result Announcement and prize Distribution

21. Dispurse",Certificates will be provided to Participants,https://www.knowafest.com/explore/events/2026/09/0702-delulu-to-deploy-st-michael-college-engineering-technology-hackathon-kalayarkoil
AI - Innovathon 2026,Jerusalem College of Engineering,Upcoming,"Chennai, Tamil Nadu",Offline,2026-09-18,N/A,2026-09-16,2,4,N/A,N/A,N/A,"Hackathon, CSE, ECE, IT, EEE",https://www.knowafest.com/explore/events/2026/09/1116-ai-innovathon-2026-jerusalem-college-engineering-hackathon-chennai,knowafest.com,2026-09-14T15:02:10Z,13,AI - Innovathon 2026,Jerusalem College of Engineering,Chennai,Tamil Nadu,India,18th September 2026,Hackathon,"CSE, ECE, IT, EEE","The registration fee is ₹400 per team, payable via UPI through the official Google Form.",https://docs.google.com/forms/d/e/1FAIpQLSdEVvvUtUXI0UdSHCn3le3krcrjkLN6YzGCNlaYpgZgqC8xGA/viewform,https://ai-innovathon.vercel.app/,N/A,innocent.devil8970@gmail.com,"Balamurugan

+91 73586 39093",N/A,"READY TO IGNITE YOUR NEXT AI-POWERED IDEA?

REGISTER NOW AND LET YOUR INOVATIVE THOUGHT TAKE FLIGHT!

REGISTER HERE

https://docs.google.com/forms/d/e/1FAIpQLSdEVvvUtUXI0UdSHCn3le3krcrjkLN6YzGCNlaYpgZgqC8xGA/viewform

The Department of Artificial Intelligence and Machine Learning proudly presents

AI INOVATHON 2026

IMAGINE • INNOVATE • INTELLIGENCE

An electrifying Inter-Collegiate AI Hackathon where artificial intelligence, creativity, technical skills, and innovation come together to build solutions for real-world challenges.

Don’t just think about AI. Build with AI.

Don’t just create a project. Create an impact.

Don’t just follow technology. Shape the future.

What awaits you?

AI-powered problem solving

Innovative ideas & solutions

Hands-on technology experience

Team collaboration & competition

A platform to showcase your AI skills

THINK AI. BUILD SMART. INNOVATE BEYOND LIMITS.

SPOTS ARE OPEN — SECURE YOUR TEAM’S PLACE NOW!

DATE: 18/09/2026

TIME: 8:00 A.M. – 4:30 P.M.

VENUE: Auditorium

TEAM SIZE: 2–4 Members

For more details check out!

https://ai-innovathon.vercel.app/

Warm Regards,

Team AI-INNOVATHON","AI-Innovathon

An Inter-College 7-Hour Hackathon

Two Tracks:

💻 Software Track

🔧 Hardware Track",Certificates will be provided to Participants,https://www.knowafest.com/explore/events/2026/09/1116-ai-innovathon-2026-jerusalem-college-engineering-hackathon-chennai
Engineering Confluence 2026,Karpagam Academy of Higher Education,Upcoming,"Coimbatore, Tamil Nadu",Offline,2026-09-18,N/A,2026-09-14,N/A,N/A,"cash prize worth ₹1,00,000, the event offers a platform to showcase creativity, problem-solving, and innovation while connecting young minds with opportunities to create lasting social impact.",100000.0,INR,"National Level Ideathon, CSE, AIDS, ECE, IT, EEE, Mechanical, Agricultural, Medical, Pharmacy, Industrial, BioTechnology, BioMedical, Food, IDEATHON, PROJECT EXPO",https://www.knowafest.com/explore/events/2026/09/1205-engineering-confluence-karpagam-academy-higher-education-national-level-ideathon-coimbatore,knowafest.com,2026-09-14T15:02:11Z,14,Engineering Confluence 2026,Karpagam Academy of Higher Education,Coimbatore,Tamil Nadu,India,18th September 2026,National Level Ideathon,"CSE, AIDS, ECE, IT, EEE, Mechanical, Agricultural, Medical, Pharmacy, Industrial, BioTechnology, BioMedical, Food","PER HEAD - ₹200

PER TEAM MINIMUM TWO OR MAXIMUM THREE CAN PARTICIPATE

FOOD AND REFRESHMENTS WILL WE BE PROVIDED",https://forms.gle/Fx2j6fTDgFoEQ9Bh9,http://www.kahedu.edu.in/,N/A,aadilahamed558@gmail.com,"AADIL AHAMED R - 9894138060

ALWIN K PAUL - 7548800990","Karpagam Academy of Higher Education (KAHE) (Deemed to be University Established Under Section 3 of UCG Act, 1956) Coimbatore - 641 021, Tamil Nadu","Engineering Confluence 2026 is a national-level ideathon organized by the Faculty of Engineering, Karpagam Academy of Higher Education, on 18 September 2026. Inspired by the legacy of Bharat Ratna Sir M. Visvesvaraya, the event brings together engineering students, innovators, and startups to turn practical ideas into solutions. Participants can work on real-world challenges focused on innovative solutions for Coimbatore, smart infrastructure and urban development, and smart healthcare, digital networks, and sustainable living. With a cash prize worth ₹1,00,000, the event offers a platform to showcase creativity, problem-solving, and innovation while connecting young minds with opportunities to create lasting social impact.","--IDEATHON

--PROJECT EXPO",Certificates will be provided to Participants,https://www.knowafest.com/explore/events/2026/09/1205-engineering-confluence-karpagam-academy-higher-education-national-level-ideathon-coimbatore
CREATE 2026,SNS College of Technology,Upcoming,"Coimbatore, Tamil Nadu",Offline,2026-09-18,N/A,2026-09-18,N/A,N/A,N/A,N/A,N/A,"Technical Symposium, CSE, AIDS, ECE, IT, EEE, Instrumentation, Mechanical, Civil, Chemical, Agricultural, Energy, Metallurgy, Medical, Pharmacy, Arts, Industrial, BioTechnology, MBA, MCA, Commerce, Law, Telecommunication, Physics, Ocean, BioMedical, Mechanics, Textile, Aeronautical, Aerospace, Material, Mining, Automobile, Design, Marine, Fashion, Media, BBA, Food, PolyTechnic, School",https://www.knowafest.com/explore/events/2026/09/1227-create-2026-sns-college-technology-technical-symposium-coimbatore,knowafest.com,2026-09-14T15:02:11Z,15,CREATE 2026,SNS College of Technology,Coimbatore,Tamil Nadu,India,18th September 2026,Technical Symposium,"CSE, AIDS, ECE, IT, EEE, Instrumentation, Mechanical, Civil, Chemical, Agricultural, Energy, Metallurgy, Medical, Pharmacy, Arts, Industrial, BioTechnology, MBA, MCA, Commerce, Law, Telecommunication, Physics, Ocean, BioMedical, Mechanics, Textile, Aeronautical, Aerospace, Material, Mining, Automobile, Design, Marine, Fashion, Media, BBA, Food, PolyTechnic, School",249/-Per Head,https://bit.ly/CREATE-2026,https://bit.ly/CREATE-2026,"https://res.cloudinary.com/dtz0urit6/image/upload/q_auto:best,f_jpg/cloudinary-tools-uploads/edajaxjqkgkzum9ib9hy",harivishnu1045@gmail.com,"Hari Vishnu - 9677971037

Ashiq - 82200 99573

Mohamed Adhil - 84283 20842","SNS Kalvi Nagar, Sathy Main Road (NH-209), Vazhiyampalayam, Saravanampatti Post, Coimbatore - 641 035, Tamil Nadu","CREATE-2026 – Creative Robotics & Engineering Applications through Technology & Exploration is a one-day Robotics Workshop and Innovation Pitch Challenge organized by the Department of Mechanical Engineering, SNS College of Technology. The event focuses on hands-on robotics learning, technology exploration, innovative problem-solving, and pitching creative engineering solutions under the theme “CHAOS to CLARITY – Transforming Complex Problems into Creative Solutions.” The event is open to B.E./B.Tech and Diploma students from all departments.","Robotics Workshop

Practical Robotics Demonstrations

Innovation Pitch Challenge

Technology Exploration

Idea Development & Solution Pitching

Best Innovation Pitch – Cash Prize",Certificates will be provided to Participants,https://www.knowafest.com/explore/events/2026/09/1227-create-2026-sns-college-technology-technical-symposium-coimbatore
Mirai'26,Kongu Engineering College,Upcoming,"Erode, Tamil Nadu",Offline,2026-09-19,N/A,N/A,N/A,N/A,N/A,N/A,N/A,"National Level Technical Symposium, CSE, ECE, IT, EEE, Instrumentation, Mechanical, Industrial, Telecommunication, Mechanics, Aerospace, Automobile",https://www.knowafest.com/explore/events/2026/08/1801-mirai-26-kongu-engineering-college-national-level-technical-symposium-erode,knowafest.com,2026-09-14T15:02:12Z,16,Mirai'26,Kongu Engineering College,Erode,Tamil Nadu,India,19th September 2026,National Level Technical Symposium,"CSE, ECE, IT, EEE, Instrumentation, Mechanical, Industrial, Telecommunication, Mechanics, Aerospace, Automobile",Visit Website,https://mirai2k26.netlify.app/,https://mirai2k26.netlify.app/,N/A,isfece.kongu@gmail.com,"Ms L Iniya +91 94868 93270

Mr P Kishore +91 93425 44056","Perundurai, Erode-638 052, Tamilnadu, India","MIRAI'26 is the flagship National Level Technical Symposium organized by the IETE Student Forum, in association with the Department of Electronics and Communication Engineering, Kongu Engineering College. Designed to foster innovation, technical excellence, and collaborative learning, the symposium brings together aspiring engineers, innovators, and technology enthusiasts from institutions across India for a day of competitive and experiential learning.

The symposium features a diverse lineup of events, including Paper Presentation, Project Expo, Hackathon, Line Follower, Drone Race, HackSprint, and Technical Workshops, providing participants with opportunities to showcase their ideas, solve real-world challenges, and demonstrate practical engineering skills.

Beyond competition, MIRAI'26 serves as a platform for knowledge exchange, creativity, and professional networking, encouraging participants to transform innovative concepts into impactful solutions. Guided by the theme, ""The Future Belongs to Those Who Build It,"" the symposium reflects IETE's commitment to nurturing the next generation of engineers and technology leaders.

Join us on 19 September 2026 at Maharaja Auditorium, Kongu Engineering College, and be part of an experience that celebrates innovation, inspires excellence, and creates lasting impact.","Paper Presentation

Project Expo

Hackathon

Line Follower

Drone Race

HackSprint

Technical Workshop",Certificates will be provided to Participants,https://www.knowafest.com/explore/events/2026/08/1801-mirai-26-kongu-engineering-college-national-level-technical-symposium-erode
CASYUM'26,SRM Institute of Science and Technology Ramapuram Campus,Upcoming,"Chennai, Tamil Nadu",Offline,2026-09-19,N/A,2026-08-17,N/A,N/A,N/A,N/A,N/A,"National Level Technical Symposium, CSE, AIDS, ECE, IT, EEE, Instrumentation, Mechanical, Civil, Chemical, Agricultural, Energy, Medical, Pharmacy, Industrial, BioTechnology, MBA, MCA, Commerce, Law, Physics, BioMedical, Mechanics, Aeronautical, Aerospace, Automobile, Design, Fashion, Media, BBA",https://www.knowafest.com/explore/events/2026/09/0712-casyum-26-srm-institute-science-technology-ramapuram-campus-national-level-technical-symposium-chennai,knowafest.com,2026-09-14T15:02:12Z,17,CASYUM'26,SRM Institute of Science and Technology Ramapuram Campus,Chennai,Tamil Nadu,India,19th September 2026,National Level Technical Symposium,"CSE, AIDS, ECE, IT, EEE, Instrumentation, Mechanical, Civil, Chemical, Agricultural, Energy, Medical, Pharmacy, Industrial, BioTechnology, MBA, MCA, Commerce, Law, Physics, BioMedical, Mechanics, Aeronautical, Aerospace, Automobile, Design, Fashion, Media, BBA","Two Regular Events: ₹150 per participant

One Regular + One Gaming Event: ₹400 per participant

Free Fire: ₹250 per team

BGMI / PUBG: ₹250 per team",https://casyum2k26.vercel.app/,https://casyum2k26.vercel.app/,N/A,casyum2k26@gmail.com,"KIRAN BABU - 98407 44870

SRINIVASAN - 93605 48679

LOKESH - 87789 68570","Bharathi Salai, Ramapuram, Chennai - 600 089.","CASYUM 2026 is a vibrant intercollegiate fest that brings together students to showcase their technical skills, creativity, knowledge, teamwork, and competitive spirit through a diverse range of exciting events. Participants can take part in two events, with one event selected from each time slot, allowing them to participate in both without any time clash.","Paper Presentation

Adzap

IPL Auction

Hackathon

Free Fire

Short Film

Connexion

TechQuiz

Poster Designing

Debugging

BGMI / PUBG",Certificates will be provided to Participants,https://www.knowafest.com/explore/events/2026/09/0712-casyum-26-srm-institute-science-technology-ramapuram-campus-national-level-technical-symposium-chennai
RYVANTA 26,Jaya engineering college,Upcoming,"Chennai, Tamil Nadu",Offline,2026-09-19,N/A,N/A,3,3,"cash prizes, and an opportunity to compete at the national level, RYVANTA ’26 provides a platform for students to innovate, compete, collaborate, and transform ideas into technology-driven solutions.",26.0,N/A,"National-Level Tech Innovation Challenge, IT",https://www.knowafest.com/explore/events/2026/09/0814-ryvanta-26-jaya-engineering-college-national-level-tech-innovation-challenge-chennai,knowafest.com,2026-09-14T15:02:13Z,18,RYVANTA 26,Jaya engineering college,Chennai,Tamil Nadu,India,19th September 2026,National-Level Tech Innovation Challenge,IT,300,https://ryvanta.vercel.app/,https://ryvanta.vercel.app/,N/A,rajikd007@gmail.com,Ph no: 9123593537,N/A,"RYVANTA ’26 is a National-Level Tech Innovation Challenge organized by the Department of Information Technology, Jaya Engineering College. The fest is designed to bring together passionate students, innovators, programmers, cybersecurity enthusiasts, and game developers to showcase their technical skills, creativity, and problem-solving abilities.

The event features three exciting tracks:

💻 Day Hackathon – MODULE / HACK.EXE: Build innovative solutions within a 5-hour straight coding challenge.

🛡️ Capture The Flag – MODULE / CTF.SYS: Test your cybersecurity skills by finding exploits, solving challenges, and securing the flag.

🎮 2D Game Creation – MODULE / GAME.DEV: Design, code, and develop a playable 2D game level.

With teams of 3 members, attractive cash prizes, and an opportunity to compete at the national level, RYVANTA ’26 provides a platform for students to innovate, compete, collaborate, and transform ideas into technology-driven solutions.

📅 Date: 19 September 2026

💰 Registration Fee: ₹100 per person

👥 Team Size: 3 members

🏆 Venue: Jaya Engineering College

🎯 Theme: Tech Innovation Challenge","1.Hackathon

2.capture the flag

3.2d game creation",Certificates will be provided to Participants,https://www.knowafest.com/explore/events/2026/09/0814-ryvanta-26-jaya-engineering-college-national-level-tech-innovation-challenge-chennai
Global Colloquium on intelligent Computing and innovation GCICI 2026,SRM Institute of Science and Technology Kattankulathur Campus,Upcoming,"Chennai, Tamil Nadu",Hybrid,2026-09-21,2026-09-25,N/A,N/A,N/A,N/A,N/A,N/A,"Colloquium, CSE, AIDS, ECE, IT, EEE, Instrumentation, Mechanical, Civil, Industrial, BioTechnology, MCA, BioMedical, Mechanics, Aeronautical, Aerospace, Automobile",https://www.knowafest.com/explore/events/2026/09/0423-global-colloquium-intelligent-computing-innovation-gcici-2026-srm-institute-science-technology-kattankulathur-campus-chennai,knowafest.com,2026-09-14T15:02:13Z,19,Global Colloquium on intelligent Computing and innovation GCICI 2026,SRM Institute of Science and Technology Kattankulathur Campus,Chennai,Tamil Nadu,India,21st - 25th September 2026,Colloquium,"CSE, AIDS, ECE, IT, EEE, Instrumentation, Mechanical, Civil, Industrial, BioTechnology, MCA, BioMedical, Mechanics, Aeronautical, Aerospace, Automobile","1. Studying Abroad

Students enrolled at international universities outside India- ₹2,000

2. International Students in India

Non-Indian students currently studying at institutions in India ₹1,000

3.Domestic Students

Indian students currently studying at institutions in India ₹1,000

4.Paper Presentation and Scopus Indexed Publication Track

Submit your unpublished original

work for review before 10/09/26.

https://ctechapps.net/gcici2026/

Fee (200 USD) is payable separately

after paper acceptance.

200 USD",https://shorturl.at/f2cPh,https://shorturl.at/f2cPh,N/A,gcici.2026@srmist.edu.in,"Email: gcici.2026@srmist.edu.in

Dr. C. N. Subalalitha – +91 90032 64357

Dr. K. R. Jansi – +91 96000 82712","SRM University, Kattankulathur","GCICI 2026 opens its doors to a truly global student community - whether you're studying abroad, you're an international

student in India, or you're an Indian student studying in India. Learn from international professors and industry leaders,

compete in the Hackathon, Project Expo, and Paper Presentation Track, and build a network that spans continents - all while

getting personalized mentorship to sharpen your ideas.","1.Hackathon:- Solve for the World, Tackle global challenges, with cutting-edge technologies

2.Project Expo:- Showcase Your Innovation, Present your research and innovative projects,

3. Poster Walk Ideas on Display:- An interactive showcase through engaging poster displays

4.Paper Presentation Publish on a Global Stage:- Present and publish your research paper in scopus indexed publication",Certificates will be provided to Participants,https://www.knowafest.com/explore/events/2026/09/0423-global-colloquium-intelligent-computing-innovation-gcici-2026-srm-institute-science-technology-kattankulathur-campus-chennai
Hackathon 2k26,KLN College of Engineering,Upcoming,"Sivagangai, Tamil Nadu",Hybrid,2026-09-21,N/A,N/A,N/A,N/A,N/A,N/A,N/A,"National Level Hackathon, CSE, AIDS, ECE, IT, EEE, Mechanical",https://www.knowafest.com/explore/events/2026/09/1010-hackathon-2k26-kln-college-engineering-national-level-sivagangai,knowafest.com,2026-09-14T15:02:14Z,20,Hackathon 2k26,KLN College of Engineering,Sivagangai,Tamil Nadu,India,21st September 2026,National Level Hackathon,"CSE, AIDS, ECE, IT, EEE, Mechanical",N/A,https://forms.gle/nDbPcY2LTENfXFhC8,https://hackathon2k26.netlify.app/,N/A,hackathoncse2k26@gmail.com,"Student Coordinators:

Mr. C. Inbasekaran — +91 76649 96450

Mr. M. Rajeshwaran — +91 80564 93189

Mr. P. Sanjay Harish — +91 80807 43194",N/A,"Event Description

Build, Innovate & Showcase is a software development event focused on transforming ideas and real-world challenges into viable, feasible, and functional Minimum Viable Products (MVPs).

For offline participants, problem statements will be provided during the event. Participants must analyze the given problem, develop an innovative solution, and build a working MVP within the allotted time. The evaluation will focus on functionality, innovation, feasibility, user experience, problem-solving approach, and real-world applicability.

For online participants, no problem statements will be provided. Participants can present and showcase their own software projects, demonstrating the project's purpose, key features, functionality, technical implementation, and potential impact.

The event is an opportunity for participants to think creatively, build practical solutions, demonstrate their technical skills, and showcase innovative software projects.

Turn ideas into solutions. Build. Demonstrate. Innovate.",hackathon,Certificates will be provided to Participants,https://www.knowafest.com/explore/events/2026/09/1010-hackathon-2k26-kln-college-engineering-national-level-sivagangai
ForgeX AI 2026,Erode Sengunthar Engineering College,Upcoming,"Erode, Tamil Nadu",Offline,2026-09-22,2026-09-23,N/A,2,4,"Prize pool - Cash Prize and internship opportunities, the event encourages students to compete, learn, network, and build solutions that can create meaningful social and technological impact.",N/A,N/A,"National Level Hackathon, CSE, AIDS, ECE, IT, EEE, Mechanical, Industrial, Textile, Automobile",https://www.knowafest.com/explore/events/2026/08/2805-forgex-ai-erode-sengunthar-engineering-college-national-level-hackathon,knowafest.com,2026-09-14T15:02:15Z,21,ForgeX AI 2026,Erode Sengunthar Engineering College,Erode,Tamil Nadu,India,22nd - 23rd September 2026,National Level Hackathon,"CSE, AIDS, ECE, IT, EEE, Mechanical, Industrial, Textile, Automobile",250 per participant,https://docs.google.com/forms/d/e/1FAIpQLSehpskmHzvyjh7s4l_p9m8Vbt5C1gZffx1CbCJZnYZE0McELw/viewform?usp=publish-editor,https://forgex-ai-2026.netlify.app/,N/A,forgexaihackathon@gmail.com,"Vaishnavi K - 9384466370

Vimal Kumar - 6381778140

Yamuna devi - 8015023924","From Perundurai Bus stand, Erode","FORGEX AI 2026 is a National Level 24-Hour Hackathon organized by Erode Sengunthar Engineering College (Autonomous), designed to bring together innovative minds, aspiring developers, and technology enthusiasts to create impactful solutions for real-world challenges. The event provides participants with an exciting platform to transform ideas into working prototypes through creativity, collaboration, and technology.

The hackathon focuses on four dynamic domains: Generative AI & Artificial Intelligence, Machine Learning, Cloud Computing, and Web & App Development. Participants can work in teams of 2–4 members and leverage modern technologies, open-source tools, APIs, and AI platforms to develop innovative solutions within 24 hours.

FORGEX AI 2026 emphasizes innovation, technical excellence, problem relevance, scalability, user experience, and practical implementation. Teams will present and demonstrate their prototypes before a panel of judges, providing an opportunity to showcase their technical skills and problem-solving abilities.

Prize pool - Cash Prize and internship opportunities, the event encourages students to compete, learn, network, and build solutions that can create meaningful social and technological impact.

FORGEX AI 2026 is more than a competition—it is a platform to innovate, collaborate, experiment, and shape the technologies of tomorrow.",24-Hours National Level Hackathon,Certificates will be provided to Participants,https://www.knowafest.com/explore/events/2026/08/2805-forgex-ai-erode-sengunthar-engineering-college-national-level-hackathon
WHIZZHACK'26,Erode Sengunthar Engineering College,Upcoming,"Erode, Tamil Nadu",Offline,2026-09-22,2026-09-23,N/A,3,5,"prize pool of ₹50,000, along with exciting rewards and learning opportunities.",50000.0,INR,"National Level Mega Tech Hackathon, CSE, AIDS, ECE, IT, EEE, Instrumentation, Mechanical, Civil, Chemical, Agricultural, Energy, Metallurgy, Pharmacy, Arts, Industrial, BioTechnology, MCA, Commerce, Telecommunication, BioMedical, Mechanics, Textile, Aeronautical, Aerospace, Material, Automobile, Design, Fashion, Media, Food, PolyTechnic",https://www.knowafest.com/explore/events/2026/09/0925-whizzhack-26-erode-sengunthar-engineering-college-national-level-mega-tech-hackathon,knowafest.com,2026-09-14T15:02:15Z,22,WHIZZHACK'26,Erode Sengunthar Engineering College,Erode,Tamil Nadu,India,22nd - 23rd September 2026,National Level Mega Tech Hackathon,"CSE, AIDS, ECE, IT, EEE, Instrumentation, Mechanical, Civil, Chemical, Agricultural, Energy, Metallurgy, Pharmacy, Arts, Industrial, BioTechnology, MCA, Commerce, Telecommunication, BioMedical, Mechanics, Textile, Aeronautical, Aerospace, Material, Automobile, Design, Fashion, Media, Food, PolyTechnic",PER HEAD ₹300 /- ONLY,https://wizzhack26.netlify.app/,https://wizzhack26.netlify.app/,N/A,whizzcomassociation@gmail.com,"Student Coordinators

Mr.Monesh.V , ECE - 9087150440

Ms.Harinisha.K , ECE - 8428990483","PERUNDURAI - ESEC CAMPUS

College bus facility will be provided from Perundurai to ESEC Campus","WHIZZHACK’26 is a National Level Mega Tech Hackathon organized by the Whizzcom Students’ Association of the Department of 
Electronics
 and Communication Engineering, Erode Sengunthar Engineering College. The hackathon brings together innovative minds from Engineering, Arts & Science, and Polytechnic institutions to develop creative Hardware and Software solutions for real-world challenges. The event provides participants with a platform to showcase their technical knowledge, creativity, problem-solving abilities, and teamwork through 12 hours of non-stop innovation and hacking. Participants will have the opportunity to work on challenging problem statements, develop innovative solutions, gain practical exposure, and collaborate with like-minded students. The event offers a total prize pool of ₹50,000, along with exciting rewards and learning opportunities.

Event Sponsors

Title Sponsor:

MAJESTRONICZ – Electronics Components Shop, serving Erode, Coimbatore and Chennai.

Official Internship & Eco System Partner

Vijay Technocraft, Coimbatore - Internsip, IT Solutions, hands-on training, mentorship from industry experts, and career-oriented guidance that prepares learners for real-world challenges.
SARA Controls & Automation, Coimbatore -  
industrial automation and electrical panel board manufacturing
Our Valued Sponsors:

BRITANNIA – One of India’s Leading Food & Bakery Brands

NEW TECHNOLOGY, COIMBATORE – Technical Training Provider

SILICON SYSTEM, COIMBATORE – Lab Equipments Suppliers & Trainer

MAJESTRONICZ Electronics Stall

MAJESTRONICZ will also set up an Electronics Components Stall at the event, providing participants with convenient access to electronic components, sensors, modules, development boards, project materials, accessories, and other electronics-related products required for their projects during the hackathon.

Special Internship Opportunity

The Hackathon Winning Team and Best Performance Team will receive a Internship Opportunity at Vijay Technocraft & SARA Controls and Automation, Coimbatore. The internship will provide participants with opportunities for industry exposure, practical experience, and hands-on learning in relevant technology.

Event Details

Date: September 22–23, 2026

Time: 7:00 PM – 7:00 AM

Venue: ESEC Convention Centre, Erode Sengunthar Engineering College

Tracks: Hardware & Software

Team Size: 3–5 Members

Registration Fee: ₹300 per participant

Prize Pool: ₹50,000

Accommodation: Provided for participants

Refreshments: Provided

WHIZZHACK’26 – Build. Hack. Innovate. Win.","WHIZZHACK’26 features two technical tracks:

⚡ Hardware Track – Participants will work on hardware-based problem statements and are required to bring the necessary electronic components and project materials. If participants do not have the required components, MAJESTRONICZ Electronics Components Stall will be available at the venue, where they can purchase the required components and materials.

💻 Software Track – Participants will develop their solutions from scratch based on the given problem statements, showcasing their programming, development, innovation, and problem-solving skills.

📌 Problem Statements: The problem statements for both Hardware and Software tracks will be available on the event website. Participants can click “Register Now” on the website to view the problem statements and choose their preferred track.

Choose your track. Build your solution. Hack the challenge. 🚀",Certificates will be provided to Participants,https://www.knowafest.com/explore/events/2026/09/0925-whizzhack-26-erode-sengunthar-engineering-college-national-level-mega-tech-hackathon
HACKATHON GCICI2026,SRM Institute of Science and Technology Kattankulathur Campus,Upcoming,"Chennai, Tamil Nadu",Offline,2026-09-22,N/A,N/A,N/A,N/A,Prizes worth ₹1 Lakh + Internship Opportunities,100000.0,INR,"Hackathon, CSE, AIDS, ECE, IT, EEE, MCA",https://www.knowafest.com/explore/events/2026/09/1107-hackathon-gcici2026-srm-institute-science-technology-kattankulathur-campus-chennai,knowafest.com,2026-09-14T15:02:15Z,23,HACKATHON GCICI2026,SRM Institute of Science and Technology Kattankulathur Campus,Chennai,Tamil Nadu,India,22nd September 2026,Hackathon,"CSE, AIDS, ECE, IT, EEE, MCA","The Registration form should be submitted after the payment of the registration fee.

Category of Registration:

1.

Studying Abroad: Students enrolled at

international universities outside India- ₹2,000

2.

International Students in India: Non-Indian

students currently studying at institutions in India- ₹1,000

3.

Domestic Students :Indian students currently

studying at institutions in India - ₹1,000

4.

Paper Presentation and Scopus Indexed Publication

Track: 200 USD

Submit your unpublished original work for

review before 10/09/26 in the below link.

https://ctechapps.net/gcici2026/

Fee (200 USD) is payable separately after

paper acceptance.

5.

Faculty/Research Scholars (Abroad) - ₹2,000

6. Faculty/Research Scholars (Indian) - ₹1,000

Bank Account Information :

Name: Computer Science and Engg Association

A/c No.: 7111751848

Bank Name: Indian Bank

Branch: SRM University / Kattankolathur (KTR)

IFSC Code: IDIB000S181

MICR Code: 600019171

SWIFT Code: IDIBNBBSRP",https://forms.gle/VPCwKNipR68FqziSA,https://forms.gle/VPCwKNipR68FqziSA,https://forms.gle/VPCwKNipR68FqziSA,vinodd@srmist.edu.in,"DR.VINOD D

9962046411

Revant-7978312131

Jasveer-7000481171","SRM University, Kattankulathur","As part of GCICI 2026, an Exclusive 1-Day International Hackathon – “Solve for the World” will be conducted on 22nd September 2026, with participation from students across the globe.

🌍 Students can participate in:

🏆 International Hackathon – Solve for the World

🎨 Internship offers from JA Assure, Singapore

💰 Prizes worth ₹1 Lakh + Internship Opportunities",Track Global challenges with cutting edge challenges,Certificates will be provided to Participants,https://www.knowafest.com/explore/events/2026/09/1107-hackathon-gcici2026-srm-institute-science-technology-kattankulathur-campus-chennai
INTELLECT HACK 2026,Sri Sairam Engineering College,Upcoming,"Chennai, Tamil Nadu",Offline,2026-09-23,N/A,N/A,N/A,N/A,₹200,200.0,INR,"Hackathon, CSE, AIDS, ECE, IT, EEE",https://www.knowafest.com/explore/events/2026/08/2402-intellect-hack-2026-sri-sairam-engineering-college-hackathon-chennai,knowafest.com,2026-09-14T15:02:16Z,24,INTELLECT HACK 2026,Sri Sairam Engineering College,Chennai,Tamil Nadu,India,23rd September 2026,Hackathon,"CSE, AIDS, ECE, IT, EEE",Registration Fee: ₹200 for shortlisted teams.,https://forms.gle/6eSchWCgyKgiRTZc6,https://intellect-hack-2026.vercel.app/,N/A,ieeers@sairam.edu.in,"Email: ieeers@sairam.edu.in

Thanishka Yogesh - +91 90256 58705

Mithun V - +91 63798 32513

Surya - +91 73389 27172",N/A,"INTELLECT HACK 2026 is a 6-hour AI Hackathon organized by the SEC IEEE Reliability Society Student Branch Chapter. Participants will solve an AI-based problem through ideation, innovation, and prototype development.

The initial shortlisting will be based on the PPT Evaluation. The problem statements and PPT template are now available on the event website for participants to prepare their submissions.

Shortlisted teams will proceed to the hackathon, beginning with 1 hour of ideation and PPT preparation, followed by PPT presentation and prototype development. The final evaluation will be based on PPT Presentation and Prototype Presentation.

Registration Fee: ₹200 for shortlisted teams.",HACKATHON,Certificates will be provided to Participants,https://www.knowafest.com/explore/events/2026/08/2402-intellect-hack-2026-sri-sairam-engineering-college-hackathon-chennai
Makeathon: Project Zeroth Hour,Jaya Engineering College,Upcoming,"Chennai, Tamil Nadu",Offline,2026-09-23,N/A,N/A,1,4,N/A,N/A,N/A,"National Level Makeathon, CSE, ECE, IT, EEE, Instrumentation, Mechanical, Civil, Chemical, Energy, Industrial, Telecommunication, Ocean, Aeronautical, Aerospace, Material, Automobile, Design",https://www.knowafest.com/explore/events/2026/09/0530-makeathon-project-zeroth-hour-jaya-engineering-college-national-level-chennai,knowafest.com,2026-09-14T15:02:16Z,25,Makeathon: Project Zeroth Hour,Jaya Engineering College,Chennai,Tamil Nadu,India,23rd September 2026,National Level Makeathon,"CSE, ECE, IT, EEE, Instrumentation, Mechanical, Civil, Chemical, Energy, Industrial, Telecommunication, Ocean, Aeronautical, Aerospace, Material, Automobile, Design",200rs Per Team,https://makeathon-zero-hour.vercel.app/,https://makeathon-zero-hour.vercel.app/,N/A,makeathonzerothhour@gmail.com,"Student Co-ordinators:

M. Aaron Nissi – +91 6381198548

R. Dhanush – +91 8883396400

K. Vigneshwaran – +91 9840102544

A. Sai Rahul – +91 9789051578",N/A,"Event Title

National Level Makeathon - Project Zero Hour

Organizing Institution

Jaya Engineering College

(Accredited by NAAC & NBA | Approved by AICTE | Affiliated to Anna University)

Department of Electronics and Communication Engineering (ECE)

CTH Road, Thirunindravur, Chennai, Tamil Nadu - 602024

About the Event

Welcome to Makeathon - Project Zero Hour, a national-level technical makeathon where the countdown has begun and the future is in our hands. Innovators, engineers, and creators are invited to tackle critical global challenges across predefined crises or showcase creative solutions under the open innovation track.

Thematic Tracks / Crises

Crisis 01: The Earth Breaks

Crisis 02: The Ocean Takes the Land

Crisis 03: Humanity on Mars

Crisis 04: The World Goes Silent

Crisis 05: The Spread Bio-Contamination Crisis

Crisis 06: The Unknown Threat (Open Innovation)

Important Dates

Event Date: September 23, 2026

Registration Details

Registration Fee: ₹200 per team

Team Size: 1 to 4 members per team

Website / Link: https://makeathon-zero-hour.vercel.app/

Prizes & Rewards

1st Prize: ₹10,000

2nd Prize: ₹7,000

3rd Prize: ₹5,000

Venue

JEC Auditorium, Jaya Engineering College, Thirunindravur, Chennai.

Contact & Coordinators

Faculty Co-ordinators:

Dr. R. Muthalagu - Prof/ECE

Mrs. S. Sailaja - AP/ECE

Mr. V. Jaya Prakash - AP/ECE

Student Co-ordinators:

M. Aaron Nissi – +91 6381198548

R. Dhanush – +91 8883396400

K. Vigneshwaran – +91 9840102544

A. Sai Rahul – +91 9789051578","hematic Tracks & Crises

Crisis 01: The Earth Breaks

Crisis 02: The Ocean Takes the Land

Crisis 03: Humanity on Mars

Crisis 04: The World Goes Silent

Crisis 05: The Spread Bio-Contamination Crisis

Crisis 06: The Unknown Threat (Open Innovation)",Certificates will be provided to Participants,https://www.knowafest.com/explore/events/2026/09/0530-makeathon-project-zeroth-hour-jaya-engineering-college-national-level-chennai
E-Mobility HackFest 2026,Sri Ramakrishna Institute of Technology,Upcoming,"Coimbatore, Tamil Nadu",Offline,2026-09-24,2026-09-25,2026-09-05,8,9,N/A,N/A,N/A,"Hackathon, CSE, ECE, IT, EEE, Instrumentation, Mechanical, Energy, Industrial, Aeronautical, Aerospace, Automobile, Design, PolyTechnic",https://www.knowafest.com/explore/events/2026/06/0505-e-mobility-hackfest-2026-sri-ramakrishna-institute-technology-hackathon-coimbatore,knowafest.com,2026-09-14T15:02:17Z,26,E-Mobility HackFest 2026,Sri Ramakrishna Institute of Technology,Coimbatore,Tamil Nadu,India,24th - 25th September 2026,Hackathon,"CSE, ECE, IT, EEE, Instrumentation, Mechanical, Energy, Industrial, Aeronautical, Aerospace, Automobile, Design, PolyTechnic",Rs.300 Per Head,https://forms.gle/zTeVUT444tdiKyoT9,https://www.srit.org/,https://drive.google.com/file/d/1tYZww81snrUjCxaAW1Qvf1gxaz6fXb_T/view?usp=sharing,mechatronmotors@gmail.com,"Mr.S.Veerakumar, AP/MECH - +91-9688472728

Mr.E.Ramkumar, AP/EEE - +91-99655888810","Pachapalayam (post), Perur Chettipalayam, Coimbatore - 641 010.","The E-Mobility HackFest is a high-energy innovation challenge conducted as part of the Global EV Summit & Innovation Conclave 2026. The event aims to bring together students, innovators, researchers, and technology enthusiasts to develop creative and practical solutions for the future of electric mobility. The hackathon provides a collaborative platform to transform innovative ideas into working prototypes, software solutions, simulation models, or smart engineering concepts. Teams will be evaluated based on innovation, technical feasibility, sustainability impact, scalability, and presentation quality.","Round 1 – Prelims Online PPT Submission

Participants must submit their preliminary presentation online on or before 08-09-2026.

Round 2 – Result Announcement of Shortlisted Teams

The shortlisted teams will be officially announced on 15-09-2026 based on the submitted PPT evaluation.

Round 3 – Prototype / Product Development Round

Selected teams must complete their prototype or product development before 23-09-2026.

Round 4 & Round 5 – Technical Evaluation, Grand Finale, Demo & Pitching

Final technical evaluation and grand finale presentation will be conducted at the venue on 24-09-2026.",Certificates will be provided to Participants,https://www.knowafest.com/explore/events/2026/06/0505-e-mobility-hackfest-2026-sri-ramakrishna-institute-technology-hackathon-coimbatore
INNOHACK-26,Erode Sengunthar Engineering College,Upcoming,"Erode, Tamil Nadu",Offline,2026-09-24,2026-09-25,2026-09-20,24,26,"prize pool of ₹50,000 along with special awards recognizing AI innovation, social impact, startup potential, sustainability, women-led teams, and industry-oriented solutions.",50000.0,INR,"Hackathon, CSE, AIDS, ECE, IT, EEE, Instrumentation, Mechanical, Civil, Chemical, Agricultural, Energy, Metallurgy, Medical, Pharmacy, Arts, Industrial, BioTechnology, MBA, MCA, Commerce, Telecommunication, Physics, Ocean, BioMedical, Mechanics, Aeronautical, Aerospace, Material, Mining, Automobile, Marine, Fashion, BBA, Food",https://www.knowafest.com/explore/events/2026/08/2416-innohack-26-erode-sengunthar-engineering-college-hackathon,knowafest.com,2026-09-14T15:02:17Z,27,INNOHACK-26,Erode Sengunthar Engineering College,Erode,Tamil Nadu,India,24th - 25th September 2026,Hackathon,"CSE, AIDS, ECE, IT, EEE, Instrumentation, Mechanical, Civil, Chemical, Agricultural, Energy, Metallurgy, Medical, Pharmacy, Arts, Industrial, BioTechnology, MBA, MCA, Commerce, Telecommunication, Physics, Ocean, BioMedical, Mechanics, Aeronautical, Aerospace, Material, Mining, Automobile, Marine, Fashion, BBA, Food","₹500 per participant

₹2,000 per team of 4 participants

Registration is mandatory for participation in INNOHACK-26.",https://innohack26.vercel.app/,https://innohack26.vercel.app/,N/A,innohack26@gmail.com,"INNOHACK-26 Organizing Team

Department of Robotics & Automation

Department of Mechanical Engineering

Department of Electronics & Instrumentation Engineering

Erode Sengunthar Engineering College

Phone: 9080861148, 7708914279, 9363870998","Erode Sengunthar Engineering College is located in Erode, Tamil Nadu. Participants can reach the venue by road from Erode city and nearby transport hubs. Detailed navigation and Google Maps directions will be provided through the official INNOHACK-26 website.","INNOHACK-26 is a 24-hour interdisciplinary engineering hackathon organized by the Departments of Robotics & Automation, Mechanical Engineering, and Electronics & Instrumentation Engineering. The event brings together student innovators to identify real-world problems, develop innovative solutions, build functional prototypes, and demonstrate their ideas within 24 hours. Participants can compete across eight technology domains including AgriTech & GreenTech, Robotics & Drones, Healthcare & Assistive Technology, Sustainable & Clean Technology, Industrial Automation & Smart Manufacturing, AI, Electronics & Intelligent Systems, Smart Cities & Mobility, and Open Innovation. Each team consists of exactly four participants. The event features a total prize pool of ₹50,000 along with special awards recognizing AI innovation, social impact, startup potential, sustainability, women-led teams, and industry-oriented solutions.","INNOHACK-26 – 24-Hour Engineering Hackathon

Team Size: 4 Participants

Registration Fee: ₹500 per participant

Prize Pool: ₹50,000",Certificates will be provided to Participants,https://www.knowafest.com/explore/events/2026/08/2416-innohack-26-erode-sengunthar-engineering-college-hackathon
HACK THE HORIZON 2.0,KPR Institute of Engineering and Technology,Upcoming,"Coimbatore, Tamil Nadu",Offline,2026-09-24,2026-09-25,N/A,N/A,N/A,"Cash Prizes – ₹30,000",30000.0,INR,"Hackathon, CSE, AIDS, ECE, IT, EEE, Instrumentation, Mechanical, Civil, Chemical, Agricultural, Energy, Metallurgy, Medical, Pharmacy, Arts, Industrial, BioTechnology, MBA, MCA, Commerce, Law, Telecommunication, Physics, Ocean, BioMedical, Mechanics, Textile, Aeronautical, Aerospace, Material, Mining, Automobile, Design, Marine, Fashion, Media, BBA, Food, PolyTechnic, School, Code Today. Create Tomorrow!",https://www.knowafest.com/explore/events/2026/08/2515-hack-horizon-2-0-kpr-institute-engineering-technology-hackathon-coimbatore,knowafest.com,2026-09-14T15:02:18Z,28,HACK THE HORIZON 2.0,KPR Institute of Engineering and Technology,Coimbatore,Tamil Nadu,India,24th - 25th September 2026,Hackathon,"CSE, AIDS, ECE, IT, EEE, Instrumentation, Mechanical, Civil, Chemical, Agricultural, Energy, Metallurgy, Medical, Pharmacy, Arts, Industrial, BioTechnology, MBA, MCA, Commerce, Law, Telecommunication, Physics, Ocean, BioMedical, Mechanics, Textile, Aeronautical, Aerospace, Material, Mining, Automobile, Design, Marine, Fashion, Media, BBA, Food, PolyTechnic, School",700,https://forms.gle/SsTTk2iut2suac7H6,https://hack-the-horizon2.netlify.app/,N/A,neuranest.aiml@gmail.com,"Mithul Pranav – +91 8925495399

Dharshan Kumar – +91 7397621417","KPR Institute of Engineering and Technology, Avinashi - Coimbatore Road, Arasur, Uthupalayam, Tamil Nadu 641407","🚀 HACK THE HORIZON 2.0 – 24-HOUR HACKATHON 🚀

• Code Today. Create Tomorrow!

The Department of CSE (Artificial Intelligence and Machine Learning), KPR Institute of Engineering and Technology, in association with IEEE Computational Intelligence Society, presents Hack The Horizon 2.0.

24–25 September 2026 | ⏰ 10:00 AM – 10:00 AM

📍 KPRIET | 💰 ₹700/person | 👥 Team: 2–4 members

⏳ Registration Deadline: 11 September 2026

🔥 Tracks:

Generative AI | Machine & Deep Learning | Computer Vision | IoT | Smart Automation | Cyber Security

🏆 Cash Prizes – ₹30,000

🥇 ₹15,000 | 🥈 ₹10,000 | 🥉 ₹5,000

🎁 Participant Benefits: T-Shirt, food & refreshments, lunch, dinner, breakfast and hard-copy certificate.

https://hack-the-horizon2.netlify.app/

📞 Queries: Mithul Pranav – +91 8925495399 | Dharshan Kumar – +91 7397621417

🔥 Bring your idea. Build your solution. Make an impact!

📢 Register now and share this poster with your friends!","🚀 HACK THE HORIZON 2.0 – 24-HOUR HACKATHON 🚀

• Code Today. Create Tomorrow!

The Department of CSE (Artificial Intelligence and Machine Learning), KPR Institute of Engineering and Technology, in association with IEEE Computational Intelligence Society, presents Hack The Horizon 2.0.

24–25 September 2026 | ⏰ 10:00 AM – 10:00 AM

📍 KPRIET | 💰 ₹700/person | 👥 Team: 2–4 members

⏳ Registration Deadline: 11 September 2026

🔥 Tracks:

Generative AI | Machine & Deep Learning | Computer Vision | IoT | Smart Automation | Cyber Security

🏆 Cash Prizes – ₹30,000

🥇 ₹15,000 | 🥈 ₹10,000 | 🥉 ₹5,000

🎁 Participant Benefits: T-Shirt, food & refreshments, lunch, dinner, breakfast and hard-copy certificate.

https://hack-the-horizon2.netlify.app/

📞 Queries: Mithul Pranav – +91 8925495399 | Dharshan Kumar – +91 7397621417

🔥 Bring your idea. Build your solution. Make an impact!

📢 Register now and share this poster with your friends!",Certificates will be provided to Participants,https://www.knowafest.com/explore/events/2026/08/2515-hack-horizon-2-0-kpr-institute-engineering-technology-hackathon-coimbatore
DevSpark 2026,KPR Institute of Engineering and Technology,Upcoming,"Coimbatore, Tamil Nadu",Offline,2026-09-24,2026-09-25,2026-09-23,N/A,N/A,"Prize Pool: ₹50,000/-",50000.0,INR,"National Level Innovation Event, CSE",https://www.knowafest.com/explore/events/2026/09/0501-devspark-2026-kpr-institute-engineering-technology-national-level-innovation-event-coimbatore,knowafest.com,2026-09-14T15:02:18Z,29,DevSpark 2026,KPR Institute of Engineering and Technology,Coimbatore,Tamil Nadu,India,24th - 25th September 2026,National Level Innovation Event,CSE,"650-Hackathon

500-Pitch",https://forms.gle/VowWux2noetE2Lps7,https://forms.gle/VowWux2noetE2Lps7,https://drive.google.com/file/d/1PZqdAz-d9vmKyTPsgBdQiAQblsoLv3QP/view?usp=sharing,mouthami.k@kpriet.ac.in,"Student Coordinators

Ms. Ramya G – +91 6383096939

Mr. Dheena A – +91 9384211247

Faculty Coordinators

Dr. Mouthami K – +91 8838143425

Dr. Vishnukumar K – +91 9894250056","Arasur, Coimbatore - 641 407","DEVSPARK’26 – National-Level Innovation Event

Organized by:

KPR Institute of Engineering and Technology (KPRIET)

Department of Computer Science and Engineering

IEEE KPRIET Student Branch

IEEE Computer Society – KPRIET SBC

IEEE CS SYP High Impact Zonal Events

📅 Event Details

Date: 24 & 25 September 2026

Venue: KPRIET, Coimbatore

Total Prize Pool: ₹50,000/-

🚀 Track 1 – DEVSPARK’26

Day 1 | National-Level Hackathon

Maximum 4 members per team

Registration: ₹650 per participant

Includes lunch & refreshments

🚀 Track 2 – PITCHSPARK’26

Day 2 | Startup Pitch + IPR/Patent Innovation Challenge

Maximum 4 members per team

Registration: ₹500 per participant

Includes lunch & refreshments

DEVSPARK’26 (Track 1) + PITCHSPARK’26 (Track 2)

Combo Price: ₹900/- per participant

Combo registration includes:

T-shirt

Breakfast, lunch & dinner

Exciting prizes","🚀 Track 1 – DEVSPARK’26

Day 1 | National-Level Hackathon

Maximum 4 members per team

Registration: ₹650 per participant

Includes lunch & refreshments

🚀 Track 2 – PITCHSPARK’26

Day 2 | Startup Pitch + IPR/Patent Innovation Challenge

Maximum 4 members per team

Registration: ₹500 per participant

Includes lunch & refreshments",Certificates will be provided to Participants,https://www.knowafest.com/explore/events/2026/09/0501-devspark-2026-kpr-institute-engineering-technology-national-level-innovation-event-coimbatore
36-Hr Hackathon 2026,Sri Ramakrishna Institute of Technology,Upcoming,"Coimbatore, Tamil Nadu",Offline,2026-09-24,2026-09-26,2026-09-21,N/A,N/A,N/A,N/A,N/A,"Hackathon, CSE, AIDS, ECE, IT, EEE, Civil, MBA, MCA, Telecommunication, Aeronautical, BBA",https://www.knowafest.com/explore/events/2026/09/1006-36-hr-hackathon-2026-sri-ramakrishna-institute-technology-coimbatore,knowafest.com,2026-09-14T15:02:19Z,30,36-Hr Hackathon 2026,Sri Ramakrishna Institute of Technology,Coimbatore,Tamil Nadu,India,24th - 26th September 2026,Hackathon,"CSE, AIDS, ECE, IT, EEE, Civil, MBA, MCA, Telecommunication, Aeronautical, BBA",36 Hr Hackathon - ₹1100 Per Participants,https://www.regionalaisummit.com/registration,https://www.regionalaisummit.com/,https://www.regionalaisummit.com/events,info@regionalaisummit.com,"Sathya Priya

9585506168","Gandhipuram to Isha yoga Bus Route

Bus Stop Name -> Pachayapalayam","First Platform in India Simultaneously Host a 36-Hour AI Hackathon, Open AI Film Festival, Open AI Brand Challenge, and Student Startup Pitching in a Single 3-Day Event.","1.36-Hour AI Hackathon

2. AI Film Festival

3. workshops",Certificates will be provided to Participants,https://www.knowafest.com/explore/events/2026/09/1006-36-hr-hackathon-2026-sri-ramakrishna-institute-technology-coimbatore
HACKVERSE 2.0,Karpagam College of Engineering,Upcoming,"Coimbatore, Tamil Nadu",Offline,2026-09-25,N/A,N/A,N/A,N/A,N/A,N/A,N/A,"Hackathon, CSE",https://www.knowafest.com/explore/events/2026/08/2807-hackverse-2-0-karpagam-college-engineering-hackathon-coimbatore,knowafest.com,2026-09-14T15:02:19Z,31,HACKVERSE 2.0,Karpagam College of Engineering,Coimbatore,Tamil Nadu,India,25th September 2026,Hackathon,CSE,N/A,https://kcecse.in,https://kcecse.in,N/A,kcecsehackathon@gmail.com,"Faculty Coordinator

Mr. Prameen D - 9894152074

Student Coordinator

Mr. Sabari R - 6382717749",N/A,"The Wait Is Over! 🔥 HACKVERSE 2.0 — Code. Innovate. Elevate. 💻⚡

📌 Short Description

Get ready for HACKVERSE 2.0, a next-gen hackathon by the Department of Computer Science and Engineering, Karpagam College of Engineering. Explore cutting-edge domains, build innovative solutions, and turn your ideas into impact!

📅 25 September 2026

💡 Innovate • Build • Transform","🤖 Artificial Intelligence & Machine Learning

💻 Software Development – Web | Mobile | Desktop

☁️ Cloud | Edge | Green Computing

🔐 Embedded Security & Bioinformatics

🔗 Digital Twins & FinTech

⚙️ Cyber-Physical Systems

🌐 Internet of Everything

🥽 AR/VR Development

🧠 Computational Neuroscience

🤖 Robotics & Automation",Certificates will be provided to Participants,https://www.knowafest.com/explore/events/2026/08/2807-hackverse-2-0-karpagam-college-engineering-hackathon-coimbatore
HACKEX ’26,Excel Engineering College,Upcoming,"Komarapalayam, Tamil Nadu",Offline,2026-09-25,2026-09-26,2026-09-13,2,36,cash prizes.,N/A,N/A,"National Level Hackathon, CSE, AIDS, ECE, IT, EEE, Mechanical, Civil, Chemical, Industrial, MCA, Telecommunication, Automobile",https://www.knowafest.com/explore/events/2026/09/0221-hackex-26-excel-engineering-college-national-level-hackathon-komarapalayam,knowafest.com,2026-09-14T15:02:20Z,32,HACKEX ’26,Excel Engineering College,Komarapalayam,Tamil Nadu,India,25th - 26th September 2026,National Level Hackathon,"CSE, AIDS, ECE, IT, EEE, Mechanical, Civil, Chemical, Industrial, MCA, Telecommunication, Automobile","₹1,500 per team (4 members). Payment required only after selection for Round 2.",https://docs.google.com/forms/d/e/1FAIpQLScvTjbgZrsRsoLp-Fyl-I4PHcDn8eUlSoo1vTqx_cZ5A3BfMw/viewform?pli=1,https://hackex-26.vercel.app/,N/A,hackex2026@gmail.com,"Faculty coordinators:

Dr K. Geetha M.E., Ph.D., Professor / 97152 50646

Mr E. Deepan Kumar, M.E. Assistant Professor / 99523 02646

Student coordinators

S. Akashresi IV-Year / 87785 28831

S. Balachandran IV-Year / 93427 27360","EXCEL ENGINEERING COLLEGE, NH-544, Salem Main Road, Sankari West, Pallakkapalayam, Pin:637 303. Komarapalayam Namakkal Dt. Tamilnadu.","HACKEX ’26 is a National Level Hackathon organized by the Department of Computer Science and Engineering and Techno Debuggers Club, Excel Engineering College (Autonomous), in association with Cube AI Solutions.

The event is designed to bring together innovative minds, developers, and problem solvers from across the country to build impactful technology solutions for real-world challenges. Participants will work collaboratively, develop innovative prototypes, and present their solutions to an expert judging panel.

The hackathon features two rounds. Round 1 – Online PPT Selection requires teams to submit their innovative project ideas through an online PPT submission process. Shortlisted teams will qualify for Round 2 – 36-Hour Offline Hackathon, where they will transform their ideas into working prototypes at Excel Engineering College.

Participants can explore problem domains including Healthcare, EdTech, FinTech, Industrial 5.0, and Open Innovation.

The event provides an exciting platform for students to demonstrate their technical skills, creativity, teamwork, innovation, and problem-solving abilities while competing for exciting cash prizes.

Event Highlights:

• National Level Participation

• 36-Hour Offline Hackathon

• Online PPT Selection Round

• Real-World Problem Solving

• Multiple Innovation Themes

• Expert Judging

• Cash Prizes

• Networking and Collaboration Opportunities

Team Size: 4 Members per Team

Round 1 PPT Submission Last Date: 13 September 2026

Hackathon Dates: 25–26 September 2026

Venue: Excel Engineering College (Autonomous), Komarapalayam, Namakkal, Tamil Nadu.","Event Name:

HACKEX ’26 – A National Level Hackathon

Event Type:

Hackathon

Event Mode:

Offline

Event Date:

25–26 September 2026

Venue:

Excel Engineering College (Autonomous), Komarapalayam, Namakkal, Tamil Nadu

Event Description:

36-Hour Offline Hackathon – Round 2 of HACKEX ’26. Shortlisted teams will develop and demonstrate innovative technology solutions across Healthcare, EdTech, FinTech, Industrial 5.0, and Open Innovation.",Certificates will be provided to Participants,https://www.knowafest.com/explore/events/2026/09/0221-hackex-26-excel-engineering-college-national-level-hackathon-komarapalayam
HackEx '26,Excel Engineering College,Upcoming,"Komarapalayam, Tamil Nadu",Hybrid,2026-09-25,2026-09-26,2026-09-13,N/A,N/A,N/A,N/A,N/A,"Hackathon, CSE",https://www.knowafest.com/explore/events/2026/09/0311-hackex-26-excel-engineering-college-hackathon-komarapalayam,knowafest.com,2026-09-14T15:02:20Z,33,HackEx '26,Excel Engineering College,Komarapalayam,Tamil Nadu,India,25th - 26th September 2026,Hackathon,CSE,"After Getting Selection Mail ₹1,500 per Team",https://docs.google.com/forms/d/e/1FAIpQLScvTjbgZrsRsoLp-Fyl-I4PHcDn8eUlSoo1vTqx_cZ5A3BfMw/viewform?usp=dialog,https://hackex-26.vercel.app/,https://drive.google.com/file/d/1w-aoxmWspGVaNbuzCocOoFKm-O_rz0Rr/view?usp=sharing,teamhackex2026@gmail.com,"Faculty Coordinators

Dr. K. Geetha M.E., Ph.D.

Professor

9712520646

Mr. E. Deepan Kumar M.E.

Assistant Professor

99523 02646",N/A,"HackEx '26 is a National Level Hackathon jointly organised by the Techno Debuggers Club and the Department of Computer Science and Engineering, Excel Engineering College (Autonomous), in association with Cube AI Solutions. The 36-hour offline hackathon provides a platform for student innovators to develop creative and impactful solutions to real-world challenges. Participants will collaborate, code, build prototypes and present innovative ideas across Healthcare, EdTech, FinTech, Industrial 5.0 and Open Innovation domains. With a team size of four members, HackEx '26 aims to bring together passionate innovators and future technology leaders under the vision: Build. Think. Innovate.","Themes:

Healthcare

EdTech

FinTech

Industrial 5.0

Open Innovation",Certificates will be provided to Participants,https://www.knowafest.com/explore/events/2026/09/0311-hackex-26-excel-engineering-college-hackathon-komarapalayam
SPRING FEST 2K26,KSR College of Engineering,Upcoming,"Tiruchengode, Tamil Nadu",Offline,2026-09-25,2026-09-26,2026-09-16,N/A,N/A,N/A,N/A,N/A,"National Level Technical Symposium, CSE",https://www.knowafest.com/explore/events/2026/09/0401-spring-fest-2k26-ksr-college-engineering-national-level-technical-symposium-tiruchengode,knowafest.com,2026-09-14T15:02:21Z,34,SPRING FEST 2K26,KSR College of Engineering,Tiruchengode,Tamil Nadu,India,25th - 26th September 2026,National Level Technical Symposium,CSE,"Paper Bestowal: Rs.300/- per person

Hackathon: Rs.300/- per person

Workshops: Rs.300/- per person

Technical Events: Rs.100/- per event

Non-Technical Events: Rs.100/- per event",https://docs.google.com/forms/d/e/1FAIpQLSdKNHSeePfbkDu9FvzY1otuqxZ4zFAFICnKrPP0pCy9T0srrA/viewform,https://springfest2k26.live,N/A,fectra@gmail.com,"Mr. V. Prakasham

Faculty Co-Coordinator

Phone: 99651 90985

45. Student Coordinators

Dhivagar PR

Phone: 7339224113

Praveen K

Phone: 6381796344

Baarhavi M D

Phone: 6369613774

Sangamitha P

Phone: 7010699283

46. Paper Submission Email

fectra@gmail.com","K.S.R. College of Engineering , K.S.R. Kalvi Nagar, Tiruchengode - 637 215 , Namakkal (D.t), Tamilnadu, India.","SPRING FEST 2K26 is a National Level Technical Symposium organized by the Department of Computer Science and Engineering and FECTRA Association, K.S.R. College of Engineering. The symposium provides students with an opportunity to showcase their technical knowledge, creativity, problem-solving skills and innovative ideas through technical and non-technical events, paper presentation, hackathon and workshops.

The symposium is conducted over two days, featuring a Paper Bestowal and Hackathon on Day 1 and technical workshops on Day 2. Participants can explore emerging technologies, artificial intelligence, data analytics, intelligent agents and other areas of modern computing while competing and interacting with students from different institutions.","Technical Events:

1. Zero Bug Zone

2. QuizStorm

3. Code Swap

4. UI Remix

Non-Technical Events:

1. Treasure Hunt

2. Meme Sprint

3. Filmography

Paper Presentation:

1. Paper Bestowal

Hackathon:

1. Hackathon

Workshops:

1. The Future of AI: Generative AI, LLMs & Intelligent Agents

2. Business Intelligence & Data Analysis using AI Tools",Certificates will be provided to Participants,https://www.knowafest.com/explore/events/2026/09/0401-spring-fest-2k26-ksr-college-engineering-national-level-technical-symposium-tiruchengode
Chipcraft 3.0,Kalasalingam Academy of Research and Education,Upcoming,"Virudhunagar, Tamil Nadu",Offline,2026-09-25,2026-09-26,N/A,2,3,Prize Structure,N/A,N/A,"24 Hours Hackathon, CSE, ECE, EEE, Telecommunication, Aeronautical",https://www.knowafest.com/explore/events/2026/09/0417-chipcraft-3-0-kalasalingam-academy-research-education-24-hours-hackathon-virudhunagar,knowafest.com,2026-09-14T15:02:21Z,35,Chipcraft 3.0,Kalasalingam Academy of Research and Education,Virudhunagar,Tamil Nadu,India,25th - 26th September 2026,24 Hours Hackathon,"CSE, ECE, EEE, Telecommunication, Aeronautical",N/A,https://euphoria.kalasalingam.ac.in/events,https://euphoria.kalasalingam.ac.in/,N/A,ieee.eds@klu.ac.in,G. Lohith Chowdary - 7842630986,N/A,"CHIPCRAFT 3.0 - 24-Hour VLSI Hackathon

Event Overview

ChipCraft 3.0 is a 24-hour VLSI Hackathon organized to provide students with hands-on exposure to the complete digital chip design flow. Participants will design, synthesize, and verify digital circuits using industry-standard Synopsys C2S tools. The event provides an opportunity for students to apply their knowledge of Verilog, Linux, RTL Design, Synthesis, and Formal Verification in a competitive and collaborative environment.

Event Details

Dates: 25th–26th September 2026

Venue: DSPSD Lab, 3rd Block, KARE

Duration: 24 Hours

Team Size: 2–3 Students

Design Flow

Participants will work through the complete VLSI design flow:

RTL → Gate-Level Netlist Generation → Formal Verification

Teams will design and implement digital circuits while gaining practical experience with professional Synopsys EDA tools.
Prize Structure
1st Prize: ₹12,000 + Gold Certificate
2nd Prize: ₹8,000 + Silver Certificate
3rd Prize: ₹5,000 + Bronze Certificate
Total Prize Pool:
 ₹25,000

Certificates will be provided to all participants.
Eligibility

Open to current ECE / EEE / CSE college students

Maximum 3 members per team

Basic knowledge of Verilog and Linux is required
Technical Requirements
Participants should have basic knowledge of:
Verilog HDL
Linux Environment
Digital Electronics
RTL Design
Logic Synthesis
Formal Verification
Synopsys EDA Tools
Rules
Registration is valid only through the official registration portal.
Participants will be considered registered only after completing the official registration process.
No plagiarism or copying from the internet.
All team members are expected to contribute equally.
Participants must respect judges, organizers, and fellow participants.

Registration Details

Registration Fee: ₹300 per person

Registration Portal:
https://euphoria.kalasalingam.ac.in/

CHIPCRAFT 3.0

From RTL to Gate-Level Netlist Generation — Build. Synthesize. Verify.",CHIPCRAFT 3.0 - 24-Hour VLSI Hackathon,Certificates will be provided to Participants,https://www.knowafest.com/explore/events/2026/09/0417-chipcraft-3-0-kalasalingam-academy-research-education-24-hours-hackathon-virudhunagar
7 Hour Offline Hackathon (HACK-2026),Top Engineers,Upcoming,"Bangalore, Karnataka",Offline,2026-09-25,N/A,2026-09-24,N/A,N/A,Cash Prizes,N/A,N/A,"Hackathon, CSE, AIDS, ECE, IT, EEE, Instrumentation, Mechanical, Civil, Chemical, Agricultural, Energy, Metallurgy, Medical, Pharmacy, Arts, Industrial, BioTechnology, MBA, MCA, Commerce, Law, Telecommunication, Physics, Ocean, BioMedical, Mechanics, Textile, Aeronautical, Aerospace, Material, Mining, Automobile, Design, Marine, Fashion, Media, BBA, Food, PolyTechnic, Final Project Presentation, Evaluation by Expert Jury, Exciting Cash Prizes, Innovation & Creativity, Problem Relevance, Technical Feasibility, AI Implementation, Presentation & Impact",https://www.knowafest.com/explore/events/2026/09/1036-7-hour-offline-hackathon-hack-2026-top-engineers-bangalore,knowafest.com,2026-09-14T15:02:22Z,36,7 Hour Offline Hackathon (HACK-2026),Top Engineers,Bangalore,Karnataka,India,25th September 2026,Hackathon,"CSE, AIDS, ECE, IT, EEE, Instrumentation, Mechanical, Civil, Chemical, Agricultural, Energy, Metallurgy, Medical, Pharmacy, Arts, Industrial, BioTechnology, MBA, MCA, Commerce, Law, Telecommunication, Physics, Ocean, BioMedical, Mechanics, Textile, Aeronautical, Aerospace, Material, Mining, Automobile, Design, Marine, Fashion, Media, BBA, Food, PolyTechnic","Registration Fee: ₹499 per Team

(Lunch will not be provided)",https://rzp.io/rzp/lwbMWLW,https://topengineersindia.com/events,N/A,admin@topengineersindia.com,+91 9840728806 / +91 9940322437,"Venue: BIMSR - BANGALORE

Chikkakannalli, Bengaluru, Karnataka 560035

Google Map link:

https://maps.app.goo.gl/yRwdr193kGTV5ZkX7?g_st=ic","Theme :

Track 01 — AI & Automation

Build intelligent systems using AI, ML, GenAI, computer vision, NLP or automation.

Track 02 — Campus & Education Innovation

Solve problems students and educational institutions actually face.

Who Can Participate?

• School Students

• Diploma Students

• UG & PG Students

• Research Scholars

• Startups & Innovators","Time: 9:00 AM – 4:00 PM (IST)

Team Size: Maximum 3 Members per Team

Hackathon Highlights

• Build AI Solutions for Real-World Problems

• Final Project Presentation

• Evaluation by Expert Jury

• Exciting Cash Prizes

• All Participants will receive Certificate

Evaluation Criteria

• Innovation & Creativity

• Problem Relevance

• Technical Feasibility

• AI Implementation

• Presentation & Impact",Certificates will be provided to Participants,https://www.knowafest.com/explore/events/2026/09/1036-7-hour-offline-hackathon-hack-2026-top-engineers-bangalore
Solvix'26,Jeppiaar Engineering College,Upcoming,"Chennai, Tamil Nadu",Offline,2026-09-25,2026-09-26,N/A,2,24,N/A,N/A,N/A,"Hackathon, CSE, AIDS, ECE, IT, EEE, Mechanical, BioTechnology, Aerospace",https://www.knowafest.com/explore/events/2026/09/1102-solvix-26-jeppiaar-engineering-college-hackathon-chennai,knowafest.com,2026-09-14T15:02:22Z,37,Solvix'26,Jeppiaar Engineering College,Chennai,Tamil Nadu,India,25th - 26th September 2026,Hackathon,"CSE, AIDS, ECE, IT, EEE, Mechanical, BioTechnology, Aerospace","Round 1: ₹150 per Team

Round 2: ₹200 per Team (Applicable only for shortlisted teams)",https://solvix-26.vercel.app/,https://solvix-26.vercel.app/,N/A,kamaleshcuts@gmail.com,"Gokulakrishnan C - 9840951358

Amirtha Varshini M - 7904075346

Kamalesh R - 7010486764

Dharshini S - 7019996190","Jeppiaar Nagar, Rajiv Gandhi Salai, Chennai-119.","SOLVIX’26 is a dynamic 24-hour hackathon organized by the Department of Artificial Intelligence & Machine Learning, Jeppiaar Engineering College (Autonomous), in collaboration with EmpowerED Careers. Designed to transform ideas into impactful solutions, SOLVIX’26 challenges participants to showcase their creativity, technical expertise, teamwork, and problem-solving abilities through a two-stage hackathon experience.

The journey begins with Round 1 – Mini Hackathon, where teams tackle a given challenge within a limited timeframe. The shortlisted teams advance to Round 2 – 24-Hour Grand Hackathon, an intense offline coding experience focused on developing innovative solutions to real-world problems.

One Idea. Two Rounds. Endless Possibilities. 🚀",Hackathon,Certificates will be provided to Participants,https://www.knowafest.com/explore/events/2026/09/1102-solvix-26-jeppiaar-engineering-college-hackathon-chennai
Novel Ideas and Methods for Development in Healthcare Applications (NIMDHA'26),Kalasalingam Academy of Research and Education,Upcoming,"Virudhunagar, Tamil Nadu",Hybrid,2026-09-25,N/A,2026-09-23,N/A,N/A,cash prizes for outstanding ideas.,N/A,N/A,"Technical Fest, CSE, AIDS, ECE, IT, EEE, Instrumentation, Energy, Medical, Pharmacy, BioTechnology, MCA, Telecommunication, BioMedical, Mechanics, Aeronautical, Design",https://www.knowafest.com/explore/events/2026/09/1121-novel-ideas-methods-development-healthcare-applications-nimdha-26-kalasalingam-academy-research-education-technical-fest-virudhunagar,knowafest.com,2026-09-14T15:02:23Z,38,Novel Ideas and Methods for Development in Healthcare Applications (NIMDHA'26),Kalasalingam Academy of Research and Education,Virudhunagar,Tamil Nadu,India,25th September 2026,Technical Fest,"CSE, AIDS, ECE, IT, EEE, Instrumentation, Energy, Medical, Pharmacy, BioTechnology, MCA, Telecommunication, BioMedical, Mechanics, Aeronautical, Design","How to Register – NIMDHA’26

Visit the Euphoria registration portal:

https://euphoria.kalasalingam.ac.in

Select NIMDHA’26 – Novel Ideas and Methods for Development in Healthcare Applications.

Enter the required participant/team details.

Complete the registration/payment process.

Save the registration confirmation for participation.

💰 Registration Fee

₹200 per participant — includes participation in 2 events.",https://euphoria.kalasalingam.ac.in/events,https://euphoria.kalasalingam.ac.in/,N/A,s.kalimuthukumar@klu.ac.in,"Dr. S. Kalimuthukumar – +91 94860 90641

Mrs. S. Shanmugapriya – +91 74181 61413

s.kalimuthukumar@klu.ac.in

shanmugapriya.s@klu.ac.in","How to Reach the College / Venue

Venue: Kalasalingam Academy of Research and Education

Address: Anand Nagar, Krishnankoil, Srivilliputtur (via), Virudhunagar District, Tamil Nadu – 626126.

🚗 By Road

KARE is located close to NH 744 (Madurai–Kollam Highway).

The campus is approximately 65 km southwest of Madurai.

Regular buses are available to Krishnankoil from Madurai and other cities.

🚆 By Train

Nearest railway station: Srivilliputtur Railway Station — approximately 11 km from the campus.

From Srivilliputtur, you can take a local bus, auto or taxi to KARE.

Madurai Junction is the nearest major railway station and has connections to major cities.

✈️ By Flight

Nearest airport: Madurai Airport (IXM), approximately 65 km from KARE.

From Madurai Airport, a taxi/cab is the most convenient option to reach the campus.

📍 For the Event

After reaching the KARE campus, proceed to:

Biosensors Lab, Room No. 123

Department of Biomedical Engineering

Kalasalingam Academy of Research and Education

For navigation, search “Kalasalingam Academy of Research and Education, Krishnankoil” in Google Maps. The KARE Main Gate is the primary campus entrance. Kalasalingam University main gate

Official KARE – How to Reach

Chat paused until usage resets tomorrow at 4:26 AM","NIMDHA’26 – Novel Ideas and Methods for Development in Healthcare Applications is a healthcare innovation event organized by the Department of Biomedical Engineering, Kalasalingam Academy of Research and Education. The fest provides a platform for students to present innovative healthcare ideas, demonstrate prototypes, receive expert feedback, and pitch practical solutions addressing real-world healthcare challenges. Participants will be evaluated based on novelty, feasibility, technical innovation, practicality, and societal impact, with exciting cash prizes for outstanding ideas.","NIMDHA’26 – Healthcare Innovation Challenge

Idea Presentation & Screening – Online

Present your innovative healthcare idea. Evaluation based on novelty, feasibility, and impact.

Prototype Demonstration – Offline

Demonstrate your working prototype and receive technical assessment and expert feedback.

Final Pitch & Q&A – Offline

Present the refined solution before the jury and answer questions on innovation, practicality, and real-world impact.

Registration Fee: ₹200 per participant (2 events)

Date: 25 September 2026

Venue: Biosensors Lab, Room No. 123, KARE",Certificates will be provided to Participants,https://www.knowafest.com/explore/events/2026/09/1121-novel-ideas-methods-development-healthcare-applications-nimdha-26-kalasalingam-academy-research-education-technical-fest-virudhunagar
NSCET NEXORA 2026,Nadar Saraswathi College of Engineering and Technology,Upcoming,"Theni, Tamil Nadu",Offline,2026-09-25,2026-09-26,2026-09-22,5,6,"₹50,000",50000.0,INR,"Hackathon, CSE, AIDS, ECE, IT, EEE, Mechanical, Civil, Chemical, Agricultural, Metallurgy, Pharmacy, Arts, Industrial, BioTechnology, MBA, MCA, Physics, Ocean, Mechanics, Material, Design, Media, BBA",https://www.knowafest.com/explore/events/2026/09/1204-nscet-nexora-2026-nadar-saraswathi-college-engineering-technology-hackathon-theni,knowafest.com,2026-09-14T15:02:23Z,39,NSCET NEXORA 2026,Nadar Saraswathi College of Engineering and Technology,Theni,Tamil Nadu,India,25th - 26th September 2026,Hackathon,"CSE, AIDS, ECE, IT, EEE, Mechanical, Civil, Chemical, Agricultural, Metallurgy, Pharmacy, Arts, Industrial, BioTechnology, MBA, MCA, Physics, Ocean, Mechanics, Material, Design, Media, BBA","₹499 per participant

Registration fee includes food and refreshments.

Team Size: 5–6 members

5-member team: ₹2,495

6-member team: ₹2,994

Participants can register through the official registration link provided by the organizers.",https://docs.google.com/forms/d/e/1FAIpQLScfdQVjDfli7rOIy_emt-gt-sn2rsiDwxNblI9JB2shRTrMwg/viewform,https://nexora-hackathon1.vercel.app/,N/A,nscetnexora@nscet.com,"Staff Coordinators

Mr. M. Idhayachandran – AP/ECE

📞 96290 88748

Dr. S. PremKumar – AP/CIVIL

📞 95669 85404

Dr. N. PandiSelvi – AP/EEE

📞 63790 00460

Dr. P. Diana – AP/PHYSICS

📞 88707 77833","Annanji , Vadapudupatti, Theni, Tamil Nadu 625531, India","NSCET NEXORA 2026 is a 30-hour interdisciplinary Hardware & Software Hackathon organized by Nadar Saraswathi College of Engineering & Technology, Theni. The event brings together passionate student innovators from engineering, technology, diploma, arts and science backgrounds to collaborate, create and develop innovative solutions for real-world challenges.

Participants will work in teams of 5–6 members across 16 diverse innovation themes, covering areas such as emerging technology, sustainability, smart solutions, healthcare, cybersecurity, automation, robotics and open innovation.

NEXORA provides an opportunity to transform ideas into working prototypes, experience intense collaborative problem-solving and showcase innovative solutions before a panel of judges.

Event Highlights:

• 30-Hour Hardware & Software Hackathon

• 16 Innovation Themes

• Team Size: 5–6 Members

• ₹50,000 Cash Prize

• Internship Opportunities

• Refreshments & Food Included

• Open to Students from All Disciplines

Date: 25–26 September 2026

Venue: Kamarajar Open Auditorium, NSCET Campus, Theni

Registration Fee: ₹499 per participant

Registration Deadline: 20 September 2026

Only teams can participate. Individual participation is not allowed.",NSCET NEXORA 2026 – 30-Hour Hardware & Software Hackathon,Certificates will be provided to Participants,https://www.knowafest.com/explore/events/2026/09/1204-nscet-nexora-2026-nadar-saraswathi-college-engineering-technology-hackathon-theni
XenTriX'26,Prince Shri Venkateshwara Padmavathy Engineering College,Upcoming,"Chennai, Tamil Nadu",Offline,2026-09-26,N/A,2026-09-20,N/A,N/A,CASH PRIZES & E-CERTIFICATE AWAIT! 💰🎁,N/A,N/A,"Technical Symposium, CSE, AIDS, ECE, IT, EEE, Instrumentation, Mechanical, Civil, Chemical, Energy, Metallurgy, Arts, Industrial, BioTechnology, MBA, Commerce, Telecommunication, Physics, BioMedical, Automobile, BBA",https://www.knowafest.com/explore/events/2026/08/1715-xentrix-26-prince-shri-venkateshwara-padmavathy-engineering-college-technical-symposium-chennai,knowafest.com,2026-09-14T15:02:24Z,40,XenTriX'26,Prince Shri Venkateshwara Padmavathy Engineering College,Chennai,Tamil Nadu,India,26th September 2026,Technical Symposium,"CSE, AIDS, ECE, IT, EEE, Instrumentation, Mechanical, Civil, Chemical, Energy, Metallurgy, Arts, Industrial, BioTechnology, MBA, Commerce, Telecommunication, Physics, BioMedical, Automobile, BBA",299,https://forms.gle/NXqcQtSrgtcW8Zg56,https://www.psvpec.in/XenTriX26/,N/A,prince_xentrix@psvpec.in,"Shalini.M : 7358148482

Surhendhaar.V : 8903073373

Vasiharan.B : 7010571781",N/A,"🚀 *XenTriX ’26* – National Level Symposium 2026 🚀

✨ INNOVATE • INSPIRE • ELEVATE ✨

Prince Shri Venkateshwara Padmavathy Engineering College presents XenTriX ’26, a National Level Technical Symposium bringing together students, innovators, researchers, entrepreneurs, and technology enthusiasts from across the nation! 🔥

📅 Date: 26 September 2026 (Saturday)

⏰ Time: 9:00 AM – 4:00 PM

📍 Venue: Prince Shri Venkateshwara Padmavathy Engineering College, Ponmar, Chennai

🔥🔥 SPECIAL TEAM OFFER! 🔥🔥

👥 *4 PARTICIPANTS – JUST ₹999!*

💰 Save more by registering as a team!

🎟️ Individual Registration: ₹299 per participant
3 PARTICIPANTS - ₹749
2 PARTICIPANTS - ₹499

✨ Registration Kit + Lunch Included!

🏆 EXCITING CASH PRIZES & E-CERTIFICATE AWAIT! 💰🎁

⏳ *Registration Deadline: 20 September 2026*

⚡ Limited Seats – Register Early!

🌐 Website: www.psvpec.in/XenTriX26/

🌐 Google Form: https://forms.gle/NXqcQtSrgtcW8Zg56

🚀 Gather your team, showcase your talent, compete with brilliant minds, and experience a day full of innovation, technology and creativity!

🔥 Don’t miss XenTriX ’26! Register now and be a part of the innovation wave!

#XenTriX26 #PrinceCollege #TechnicalSymposium #EngineeringEvents #Innovation #Hackathon #TechnicalEvents #NonTechnicalEvents #StudentEvents","Technical Events

1. Paper Presentation

2. Startup Idea Pitching Contest

3. Mini Hackathon

4. Workshop – Tinkerer's Lab

5. Tech Quest

6.CAD Wars

7. Robo Race

Non-Technical Events

1. FreeFire Tournament

2. Prompt Engineering Challenge

3. Cricket Conquest – IPL Auction

4. Blind Fold Challenge

5. Photography

6. Logo Design

7. Pixel Facefest",N/A,https://www.knowafest.com/explore/events/2026/08/1715-xentrix-26-prince-shri-venkateshwara-padmavathy-engineering-college-technical-symposium-chennai
Zero Origin 2026,SNS College of Technology,Upcoming,"Coimbatore, Tamil Nadu",Online,2026-09-26,N/A,2026-09-26,2,4,₹50,50.0,INR,"Hackathon, CSE, AIDS, ECE, IT, EEE, Instrumentation, Mechanical, Civil, Chemical, Agricultural, Energy, Metallurgy, Medical, Pharmacy, Arts, Industrial, BioTechnology, MBA, MCA, Commerce, Law, Telecommunication, Physics, Ocean, BioMedical, Mechanics, Textile, Aeronautical, Aerospace, Material, Mining, Automobile, Design, Marine, Fashion, Media, BBA, Food, PolyTechnic, School",https://www.knowafest.com/explore/events/2026/08/2713-zero-origin-2026-sns-college-technology-hackathon-coimbatore,knowafest.com,2026-09-14T15:02:24Z,41,Zero Origin 2026,SNS College of Technology,Coimbatore,Tamil Nadu,India,26th September 2026,Hackathon,"CSE, AIDS, ECE, IT, EEE, Instrumentation, Mechanical, Civil, Chemical, Agricultural, Energy, Metallurgy, Medical, Pharmacy, Arts, Industrial, BioTechnology, MBA, MCA, Commerce, Law, Telecommunication, Physics, Ocean, BioMedical, Mechanics, Textile, Aeronautical, Aerospace, Material, Mining, Automobile, Design, Marine, Fashion, Media, BBA, Food, PolyTechnic, School",N/A,https://zero-origin.devpost.com/?_gl=1*dzm1ni*_gcl_au*ODczNjE5MzE5LjE3ODY4ODkzMTk.*_ga*MTk5NDA2NDUyMC4xNzc4NDE5MjMz*_ga_0YHJK3Y10M*czE3ODc0MDk5MzQkbzM4JGcxJHQxNzg3NDE3NTk0JGozMiRsMCRoMA,https://zero-origin.devpost.com/?_gl=1*dzm1ni*_gcl_au*ODczNjE5MzE5LjE3ODY4ODkzMTk.*_ga*MTk5NDA2NDUyMC4xNzc4NDE5MjMz*_ga_0YHJK3Y10M*czE3ODc0MDk5MzQkbzM4JGcxJHQxNzg3NDE3NTk0JGoz,N/A,zeroorigin2026@gmail.com,"Maneeshwar .S -9361291730

Navaneethan . A .V -89736 08717

Rakshana R -6380911132","SNS Kalvi Nagar, Sathy Main Road (NH-209), Vazhiyampalayam, Saravanampatti Post, Coimbatore - 641 035, Tamil Nadu","ZERO ORIGIN is a problem-driven online hackathon organised by the Rotaract Club of SNS College of Technology, designed to empower participants aged 13+ to identify real-world problems and transform their ideas into practical, innovative, technology-driven solutions.

Participants can explore AI, Automation, Cloud Computing, Finance & Economics, Healthcare Technology, and Open Innovation.

🟢 Round 1 — IDEATE & VALIDATE | FREE

Participants identify a meaningful problem, validate the need, develop a solution concept, and submit their Problem Statement, Solution, PPT, and Pitch Video.

📅 Submission: 27 August – 26 September 2026

🎯 Shortlisted Teams: Announced on 5 October 2026

🔵 Round 2 — BUILD & PROVE | ₹50/PERSON

Shortlisted teams advance to Round 2 to transform their ideas into a functional prototype and demonstrate its technical implementation, feasibility, scalability, and real-world impact.

💳 Fee: ₹50/person

📅 Registration: 5–11 October 2026

🛠️ Development: 11–14 October 2026

⚖️ Final Judging: 18–23 October 2026

🏆 Winner Announcement: 26 October 2026

👥 Hackathon Details

Eligibility: 13+

Team Size: 2–4 members

Mode: Online

Round 1: FREE

Platform: Devpost

🔥 Journey

IDENTIFY → VALIDATE → INNOVATE → BUILD → DEMONSTRATE → IMPACT

🏆 Cash Rewards • Recognition • Real-World Impact

Don’t just build a project. Solve a problem that matters.",Hackathon,Certificates will be provided to Participants,https://www.knowafest.com/explore/events/2026/08/2713-zero-origin-2026-sns-college-technology-hackathon-coimbatore
Hogwarts Legacy 2026,Erode Sengunthar Engineering College,Upcoming,"Erode, Tamil Nadu",Offline,2026-09-29,2026-09-30,2026-09-27,2,4,"prize pool, along with trophies, certificates, swag packs, and an internship opportunity at ADHOC Softwares for outstanding participants. With the tagline “Where Wizard-Level Code Meets Cyber & AI Mastery,” Hogwarts Legacy 5.0 is more than a competition—it is a platform for young innovators to Code. Innovate. Defend. Transform. and build solutions capable of creating meaningful real-world impact.",5.0,INR,"Hackathon, CSE",https://www.knowafest.com/explore/events/2026/09/0807-hogwarts-legacy-2026-erode-sengunthar-engineering-college-hackathon,knowafest.com,2026-09-14T15:02:24Z,42,Hogwarts Legacy 2026,Erode Sengunthar Engineering College,Erode,Tamil Nadu,India,29th - 30th September 2026,Hackathon,CSE,300/- per Participants,https://docs.google.com/forms/d/e/1FAIpQLSdMtEvZyW1RSeI4t_sduvXhSKoGCQqaoiUwOgbl1wqH-gnb0A/viewform,https://hogwartslegacy.tech/,N/A,hagwartslegacymtech@gmail.com,"Faculty Coordinators

Mr. S. Mohankumar

AP / M.Tech CSE

📞 7358910501

Ms. N. R. Raghapriya

AP / M.Tech CSE

📞 8637469085

Student Coordinators

Mr. A. Felix Royson

📞 7418915689

Mr. M. Satheesh Kumar

📞 6374140309","CONVENTION CENTER, ERODE SENGUNTHER ENGINEERING COLLGE, PERUNDURAI","Hogwarts Legacy 5.0 is a National-Level 24-Hour Mega Hackathon organized by the Department of M.Tech Computer Science & Engineering (Integrated), Erode Sengunthar Engineering College (Autonomous). The event brings together passionate students, developers, innovators, and problem-solvers from different institutions to transform creative ideas into practical technological solutions within an intensive 24-hour development environment. With the theme “Cybersecurity & Artificial Intelligence”, Hogwarts Legacy 5.0 provides participants with an opportunity to demonstrate their technical skills, creativity, teamwork, innovation, and problem-solving abilities across three major domains: Slytherin – Cybersecurity & Threat Defense: Focused on cybersecurity solutions, threat detection, secure systems, digital protection, vulnerability analysis, and innovative defense technologies. Gryffindor – Artificial Intelligence & Machine Learning: Focused on AI, machine learning, intelligent automation, data-driven solutions, predictive systems, NLP, computer vision, and emerging AI applications. Ravenclaw – Open Innovation & Full-Stack Technology: An open platform for innovative ideas involving web applications, mobile applications, cloud technologies, IoT, full-stack development, smart platforms, and interdisciplinary technological solutions. Participants will work in teams of 2–4 members to analyze problems, design solutions, build working prototypes, and present their innovations before evaluators. The hackathon aims to promote innovation, technical excellence, collaboration, entrepreneurial thinking, and real-world problem solving among students. Hogwarts Legacy 5.0 will be conducted on 29–30 September 2026 at the ESEC Convention Centre. Participants will compete for a ₹30,000 prize pool, along with trophies, certificates, swag packs, and an internship opportunity at ADHOC Softwares for outstanding participants. With the tagline “Where Wizard-Level Code Meets Cyber & AI Mastery,” Hogwarts Legacy 5.0 is more than a competition—it is a platform for young innovators to Code. Innovate. Defend. Transform. and build solutions capable of creating meaningful real-world impact.","Slytherin – Cybersecurity & Threat Defense

A cybersecurity-focused hackathon track where participants develop innovative solutions to identify, prevent, analyze, and respond to modern cyber threats. Teams can work on areas such as phishing detection, malware analysis, secure authentication, network security, digital forensics, threat intelligence, vulnerability assessment, privacy protection, fraud detection, and AI-assisted cyber defense.

Suggested problem areas: Threat detection, phishing & scam prevention, network security, secure applications, cybercrime intelligence, digital forensics, identity protection, and cybersecurity automation.

Gryffindor – Artificial Intelligence & Machine Learning

An AI and Machine Learning innovation track focused on building intelligent, data-driven solutions for real-world challenges. Participants may develop applications involving predictive analytics, Natural Language Processing, computer vision, generative AI, recommendation systems, intelligent automation, conversational AI, healthcare AI, education technology, smart governance, and other AI-powered solutions.

Suggested problem areas: Generative AI, NLP, computer vision, predictive systems, intelligent automation, AI for social impact, data analytics, recommendation systems, and machine learning applications.

Ravenclaw – Open Innovation & Full-Stack Technology

An open innovation track that allows participants to solve real-world problems using any suitable technology. Teams can develop web applications, mobile applications, cloud-based platforms, IoT systems, SaaS products, smart-city solutions, education platforms, healthcare systems, fintech applications, productivity tools, or other innovative full-stack solutions.

Suggested problem areas: Full-stack development, cloud applications, mobile apps, IoT, smart systems, SaaS, fintech, edtech, healthtech, civic technology, and open innovation.

All three tracks will be conducted as part of Hogwarts Legacy 5.0 – National-Level 24-Hour Mega Hackathon, where teams of 2–4 participants will ideate, design, develop, test, and present a working prototype within 24 hours. The event will be held on 29–30 September 2026 at the ESEC Convention Centre, with a ₹30,000 prize pool, certificates, trophies, swag packs, and internship opportunities for outstanding participants.",Certificates will be provided to Participants,https://www.knowafest.com/explore/events/2026/09/0807-hogwarts-legacy-2026-erode-sengunthar-engineering-college-hackathon
TechXplosion 26,SRM Madurai College for Engineering and Technology,Upcoming,"Madurai, Tamil Nadu",Offline,2026-09-30,N/A,2026-09-15,N/A,N/A,₹250,250.0,INR,"National Level Technical Symposium, CSE, AIDS, ECE, IT, EEE, Mechanical, Civil, Arts",https://www.knowafest.com/explore/events/2026/09/0902-techxplosion-26-srm-madurai-college-engineering-technology-national-level-technical-symposium,knowafest.com,2026-09-14T15:02:25Z,43,TechXplosion 26,SRM Madurai College for Engineering and Technology,Madurai,Tamil Nadu,India,30th September 2026,National Level Technical Symposium,"CSE, AIDS, ECE, IT, EEE, Mechanical, Civil, Arts","Rs.250 per head for all events

2 tracks but both Rs.250",https://tech-xplosion26.netlify.app/,https://tech-xplosion26.netlify.app/,N/A,techxplosion26@gmail.com,"Hirthish R – 97893 10574

Vijayarajan G – 86675 97525

Jeevika R -- 7358012697

Shanthini K -- 7708807817","SRM Madurai College For Engineering and Technology,

Nedungulam Main Rd,

Pottapalayam,

Tamil Nadu 630612","A dynamic technical symposium that brings together students to innovate, compete, and showcase their technical skills across AI, coding, creativity, and research.

🎯 Events

🤖 Prompt War — Test your prompt engineering skills and create effective AI-generated solutions.

🧩 Code Jigsaw — Rearrange scrambled code and solve programming challenges using logic and programming skills.

💻 Clash of Code — Compete in fast-paced coding challenges that test your programming and problem-solving abilities.

🎬 AI Video Creation — Use AI-powered tools to create an engaging and creative video based on the given theme.

📄 Paper Palooza — Present innovative technical ideas, research, and solutions before a panel of judges.

🎯 Guess the Logo — Identify technology and brand logos in an exciting, fast-paced interactive quiz.

🏏 IPL Auction — Test participants' cricket knowledge, quick thinking and ability to make fast and accurate decisions.

🚀 AI Hackathon — Understand an on-the-spot problem statement and develop an innovative AI-based solution within the given time.

💰 Registration Fee

₹250 per participant

Join us to challenge your skills, explore new technologies, share ideas, and turn innovation into impact!","Track 1

1. Prompt War

2. Code Jigsaw

3. Clash of Code

4. AI Video Creation

5. Paper Palooza

7. IPL Auction

6. Guess the Logo

Track 2

1. AI Hackathon",Certificates will be provided to Winners,https://www.knowafest.com/explore/events/2026/09/0902-techxplosion-26-srm-madurai-college-engineering-technology-national-level-technical-symposium
BOTATHON 2k26,Erode Sengunthar Engineering College,Upcoming,"Erode, Tamil Nadu",Offline,2026-10-01,N/A,2026-09-29,3,6,N/A,N/A,N/A,"Hackathon, CSE, Participation Certificate, Hackathon Participant Kit, Mentorship and Technical Guidance, UpgradeNow AI Technologies",https://www.knowafest.com/explore/events/2026/09/0815-botathon-2k26-erode-sengunthar-engineering-college-hackathon,knowafest.com,2026-09-14T15:02:25Z,44,BOTATHON 2k26,Erode Sengunthar Engineering College,Erode,Tamil Nadu,India,1st October 2026,Hackathon,CSE,"💰 Registration Fee:

₹350 per participant",https://docs.google.com/forms/d/e/1FAIpQLSeNbOO-lptCC8fg-GJQZ44Jxg0AipKVmCM-XTuL6nOryjtmZw/viewform?usp=publish-editor,https://botathon2k26.in/,N/A,botathon2k26@gmail.com,"📞 Contact Persons for Queries:

Sathish M – 9677412394

Jasper Mahizhnan D – 7603852787

Ranjith S – 9790682400

Participants can contact the above student coordinators for registration, event, and other hackathon-related queries.","Erode Sengunthar Engineering College, Thudupathi, Tamil Nadu 638057","BOTATHON 2K26 is a technical hackathon focused on Artificial Intelligence and Future Technologies. The event provides students with an opportunity to identify real-world problems, develop innovative technology-based solutions, and showcase their creativity and technical skills. Participants will work collaboratively, build prototypes, and compete with other talented students in an exciting and challenging environment. BOTATHON 2K26 aims to encourage innovation, problem-solving, teamwork, and entrepreneurship among students.","💡 Competition Tracks:

🔹 Hackathon Track:

Participants will develop innovative solutions to real-world problems using emerging technologies such as Artificial Intelligence, Robotics, and Software Technologies.

Teams can register for [EDIT: registration options].

🎁 Registration Benefits:

* Participation Certificate

* Hackathon Participant Kit

* Mentorship and Technical Guidance

* Networking Opportunities with Other Participants

* Exciting Prizes and Recognition for Winners

🏆 Prizes:

🥇 1st Prize: ₹10,000 + Internship Opportunity with a potential stipend/package of ₹3–6 LPA

🥈 2nd Prize: ₹5,000

🥉 3rd Prize: ₹3,000

🍽️ Hospitality:

* Lunch will be provided to all registered participants.

* 3 refreshments will be provided throughout the hackathon.

🤝 Industry / Event Partners:

* UpgradeNow AI Technologies

📞 Student Coordinators:

1. Sathish M – 9677412394

2. Jasper Mahizhnan D – 7603852787

3. Ranjith S – 9790682400

📍 Venue:

ESEC Convention Center

🌐 Registration:

https://docs.google.com/forms/d/e/1FAIpQLSeNbOO-lptCC8fg-GJQZ44Jxg0AipKVmCM-XTuL6nOryjtmZw/viewform?usp=publish-editor",Certificates will be provided to Participants,https://www.knowafest.com/explore/events/2026/09/0815-botathon-2k26-erode-sengunthar-engineering-college-hackathon
HackITon'26,KPR Institute of Engineering and Technology,Upcoming,"Coimbatore, Tamil Nadu",Offline,2026-10-08,2026-10-09,N/A,2,4,prize pool and exciting internship opportunities,N/A,N/A,"Hackathon, IT",https://www.knowafest.com/explore/events/2026/08/3002-hackiton-26-kpr-institute-engineering-technology-hackathon-coimbatore,knowafest.com,2026-09-14T15:02:26Z,45,HackITon'26,KPR Institute of Engineering and Technology,Coimbatore,Tamil Nadu,India,8th - 9th October 2026,Hackathon,IT,"Category Fee

IEEE Member ₹500

Non-IEEE Member ₹600",https://www.hackiton.in/26,https://www.hackiton.in/26,N/A,itassociationinvaderz@gmail.com,"Student Coordinators:

ARJUNAN V - 7845080379

ADITHYA P - 93423 91935","Arasur, Coimbatore - 641 407","All that you need to know about HackITon'26

Get ready for HACK IT ON’26, the ultimate 24-hour inter-college hackathon where innovation meets teamwork!

Push your limits, build through the night, and turn your ideas into something extraordinary.

Event Overview

Register on hackiton.in first, then complete registration on Unstop.

Date: 8th & 9th October 2026

Mode: Offline

Venue: Department Of IT, KPR Institute of Engineering and Technology (KPRIET), Coimbatore

Duration: 24 Hours Non-Stop

Team Size: 2–4 Members

Eligibility: Open to External Participants

Registration Fee (Per Participant)

Category Fee

IEEE Member ₹500

Non-IEEE Member ₹600

Only the Team Leader should complete the payment and registration process for the team.

All participants will receive food, refreshments, and exclusive HACK IT ON’26 goodies throughout the event.

Complete your registration through the official website: hackiton.in

Hackathon Domains

Choose from exciting and impactful technology domains:

AI & Smart Solutions

Cyber Defense & Digital Security

Health and Wellness Tech

Green & Sustainable Tech

Industry & Automation

Open Innovation & Future Technologies

These six domains and their official positioning are from your HACK IT ON’26 domain material.

Judging Criteria

Your project will be evaluated on:

Innovation & Creativity

Technical Implementation

Problem Solving & Impact

Feasibility & Scalability

UI/UX Design

Presentation & Communication Skills

Rules & Guidelines (Highlights)

All major work, including code, design, and project development, must be carried out during the event.

You may use open-source tools, APIs, libraries, and development frameworks with applicable attribution and licensing.

Maintain one dedicated GitHub repository per team and be prepared to provide project progress or commit history.

Plagiarism, misconduct, intellectual-property violations, or unfair practices may lead to immediate disqualification.

The jury and organizing committee’s decision is final and binding.

Why You Should Join

Compete for a ₹20,000 total prize pool and exciting internship opportunities

Work on emerging and impactful technology domains

Build and present your solution before judges and industry experts

Network with mentors, peers, and fellow innovators

Earn certificates, recognition, and exclusive goodies

Experience 24 hours of innovation, collaboration, fun, and non-stop building!

Contact

Student Coordinators:

Keertana M S – 99440 70580

Madhumitha S – 93428 28394",Hackathon,Certificates will be provided to Participants,https://www.knowafest.com/explore/events/2026/08/3002-hackiton-26-kpr-institute-engineering-technology-hackathon-coimbatore
Kernel Prime'26,S. A. Engineering College,Upcoming,"Chennai, Tamil Nadu",Offline,2026-10-08,2026-10-09,2026-09-25,2,4,"Prize Pool:
 ₹50,000",50000.0,INR,"Hackathon, ECE, 24-Hour Hackathon, Hardware Hackathon, Software Hackathon, Open Innovation Challenge, Problem Statement Challenge, Project Development & Prototyping, Technical Evaluation Rounds, Final Project Presentation & Demo, Prize Distribution",https://www.knowafest.com/explore/events/2026/09/0206-kernel-prime-26-s-a-engineering-college-hackathon-chennai,knowafest.com,2026-09-14T15:02:27Z,46,Kernel Prime'26,S. A. Engineering College,Chennai,Tamil Nadu,India,8th - 9th October 2026,Hackathon,ECE,"Initial registration is free.

Registration Fee: ₹1,000 per team

The registration fee is applicable only to shortlisted teams upon confirmation of participation in the offline hackathon.",https://forms.gle/6aDxsn9JqLfposweA,https://kernal-prime-26.vercel.app/,https://kernal-prime-26.vercel.app/poster/KernelPrime%20Poster.png,rishinarasimma@gmail.com,"Coordinator Contacts:

Rishikesh N - 9884196645

Praveen Kumar T - 9884470371","Poonamallee-Avadi Road, Thiruverkadu, Chennai - 600 077. Tamilnadu. INDIA.","KERNEL PRIME’26 — THE CORE OF INNOVATION
About the Hackathon
KERNEL PRIME’26 — The Core of Innovation is a 
24-hour offline hackathon
 organized by the 
Department of Electronics and Communication Engineering & Electronics Engineering (VLSI Design & Technology), S.A. Engineering College, Chennai-77
.
The hackathon brings together engineering students to transform ideas into practical solutions through innovation, technical skills, problem-solving and teamwork.
Date:
 October 8 & 9, 2026
Duration:
 24 Hours
Team Size:
 2–4 Members
Tracks:
 Hardware & Software
Prize Pool:
 ₹50,000
Mode:
 Offline / On-Campus
Eligibility
• Open to engineering students from colleges/institutions.

• Each team must have 
2–4 members
.

• 
Inter-college teams are not allowed
; all members must belong to the same institution.

• Inter-department / inter-specialization teams within the same institution are allowed.

• Each participant can register with only one team.
Tracks
Hardware Track:
 Electronics, embedded systems, IoT, automation, robotics and related technologies. Hardware Problem Statements will be released 
one day before the hackathon
. Participants must bring their own required components and equipment.
Software Track:
 Software development, web/mobile applications, AI/ML, automation, cybersecurity and related technologies.
Only 
one track
 can be selected per team. Projects must be relevant to the selected track. Opposite-track projects will not be considered.
Open Innovation — Initial Screening
Teams must submit an 
Open Innovation Project Proposal
 consisting of:
• Project Title

• Brief Project Description

• Selected Track

• Open Innovation PPT (
maximum 6 slides
)
The proposal will be used for the 
initial screening and shortlisting
 of teams. Submission does not guarantee selection.
Registration Fee
Initial registration is free.
A 
₹1,000 registration fee per team
 will be applicable only to 
shortlisted teams after selection and confirmation
 of participation in the offline hackathon.
Hackathon Format
• The hackathon will be conducted for 
24 hours
.

• Selected teams will work on the designated Problem Statement for their chosen track.

• The event will include 
three evaluation stages
.

• Teams will be evaluated on problem understanding, innovation, technical implementation, functionality, feasibility, presentation and overall impact.

• Teams must complete and demonstrate their solution within the allotted time.
Rules
Each team must have 2–4 members.
All members must belong to the same college/institution.
Inter-college teams are not permitted.
Inter-department / inter-specialization teams are allowed within the same institution.
Each participant can register with only one team.
Each team can select only one track.
Teams must complete their solution within the 24-hour duration.
Teams must present and demonstrate their solution during the evaluation rounds.
Plagiarism, copying, cheating, impersonation or submission of another team's work will result in disqualification.
Hardware Track participants are responsible for bringing and safely handling their own components and equipment.
Participants must follow the instructions and regulations of the organizing committee and S.A. Engineering College.
The decision of the judging panel and organizing committee will be final.
Selection Process
Online Registration → Open Innovation Proposal Submission → Initial Screening → Shortlisting → Participation Confirmation & ₹1,000 Fee → Offline 24-Hour Hackathon
Only shortlisted and confirmed teams will be eligible to participate in the offline hackathon.
Think. Build. Innovate. Be the Core.
KERNEL PRIME’26 — THE CORE OF INNOVATION","Fest Events:

• 24-Hour Hackathon

• Hardware Hackathon

• Software Hackathon

• Open Innovation Challenge

• Problem Statement Challenge

• Project Development & Prototyping

• Technical Evaluation Rounds

• Final Project Presentation & Demo

• Prize Distribution",Certificates will be provided to Participants,https://www.knowafest.com/explore/events/2026/09/0206-kernel-prime-26-s-a-engineering-college-hackathon-chennai
HACK WITH GDG S4 2026,KSR College of Engineering,Upcoming,"Tiruchengode, Tamil Nadu",Hybrid,2026-10-08,2026-10-10,N/A,8,10,N/A,N/A,N/A,"Hackathon, CSE, ECE, IT, EEE, MCA",https://www.knowafest.com/explore/events/2026/09/0227-hack-with-gdg-s4-ksr-college-engineering-hackathon-tiruchengode,knowafest.com,2026-09-14T15:02:27Z,47,HACK WITH GDG S4 2026,KSR College of Engineering,Tiruchengode,Tamil Nadu,India,8th - 10th October 2026,Hackathon,"CSE, ECE, IT, EEE, MCA",N/A,https://hack-with-gdg-s4.devfolio.co,https://hack-with-gdg-s4.vercel.app/,N/A,gdgksrce@gmail.com,"Maha Vidhya Sri L - 6374823326

Cheyon K - 9363081212",N/A,"Welcome to the fourth season of Hack With GDG, a high-energy hackathon hosted by Google Developer Groups - KSR College of Engineering (GDG KSRCE). After three massive seasons, we are back to push the boundaries of creativity and technology.","Round 1 (Ideation): Submit your project idea in PPT format.

Deadline: Sep 28, 2026

Round 2 (The Hack): 36-Hour Offline Hackathon.

Dates: Oct 8 - 10, 2026

Venue: KSR College of Engineering, Namakkal, Tamil Nadu.",Certificates will be provided to Participants,https://www.knowafest.com/explore/events/2026/09/0227-hack-with-gdg-s4-ksr-college-engineering-hackathon-tiruchengode
HackNext'26 Series 2.0,SNS College of Technology,Upcoming,"Coimbatore, Tamil Nadu",Offline,2026-10-08,2026-10-09,2026-10-06,1,4,Prizes : Case Price Upto ₹20000 with Internship opportunity,20000.0,INR,"Hackathon, CSE",https://www.knowafest.com/explore/events/2026/09/1304-hacknext-26-series-2-0-sns-college-technology-hackathon-coimbatore,knowafest.com,2026-09-14T15:02:27Z,48,HackNext'26 Series 2.0,SNS College of Technology,Coimbatore,Tamil Nadu,India,8th - 9th October 2026,Hackathon,CSE,₹500 per Head,https://docs.google.com/forms/d/e/1FAIpQLSeA61yl6di05pAE_9ArGZ0U7zJCPo9H_1ZlvE-gLADJblAbTg/viewform,https://hacknext26.vercel.app/,https://drive.google.com/file/d/1fTlKLkVDXaSOKwELBixF_Fp7YQoR_FJQ/view?usp=sharing,hacknext2.0@gmail.com,"Student Coordinators:

Akshaya R – +91 98949 06986

Gugan KM – +91 93612 78375

Mohan Raj, R – +91 9025886070

Email : hacknext2.0@gmail.com

Faculty Coordinator: Mrs. K. Kalaivani.","Venue : SNS AI Campus, SNS College of Technology Coimbatore.

Use Google maps for Navigation.","HackNext'26 Series 2.0 – 24 Hours Hackathon is a 24-hour hackathon organized by the IV CS Stream Cluster, SNS College of Technology, Coimbatore, at the SNS AI Campus on 08–09 October 2026.

Rewards and Prizes : Case Price Upto ₹20000 with Internship opportunity

Winner - Upto ₹10000

First RunnerUp - Upto ₹7000

Second RunnerUp - Upto ₹3000

Venue: AI Campus, SNS College of Technology

Guidelines:

Participants can register individually or form a team of 1–4 members.

The problem statement will be announced on the spot.

Participants may use any suitable programming language, framework, or technology.

Teams must build their solution within the 24-hour hackathon period.

Participants must bring their own laptop and required accessories.

Teams should be prepared for a final project demo and presentation.

Participants are responsible for their personal belongings and electronic devices. Organizers will not be responsible for any loss or damage.

Hackathon Duration: 24 Hours

Reporting Time: 8:30 a.m. (08/10/2026)",24 Hour Hackathon,Certificates will be provided to Participants,https://www.knowafest.com/explore/events/2026/09/1304-hacknext-26-series-2-0-sns-college-technology-hackathon-coimbatore
Electrolython 2026,CMR Institute of Technology Bengaluru,Upcoming,"Bengaluru, Karnataka",Offline,2026-10-09,N/A,2026-09-28,2,4,N/A,N/A,N/A,"National Level Hackathon, CSE, AIDS, ECE, IT, EEE, Instrumentation, Mechanical, Energy, Industrial, MCA, Telecommunication, BioMedical, Aeronautical, Aerospace, Automobile",https://www.knowafest.com/explore/events/2026/08/0308-electrolython-2026-cmr-institute-technology-bengaluru-national-level-hackathon,knowafest.com,2026-09-14T15:02:28Z,49,Electrolython 2026,CMR Institute of Technology Bengaluru,Bengaluru,Karnataka,India,9th October 2026,National Level Hackathon,"CSE, AIDS, ECE, IT, EEE, Instrumentation, Mechanical, Energy, Industrial, MCA, Telecommunication, BioMedical, Aeronautical, Aerospace, Automobile",The registration fee for final round will be only Rs. 750/-,https://forms.gle/jprnni1qrg3WWQSaA,https://drive.google.com/file/d/1o8Wi7Xvm0r_BNNh855wVcBGCOKBeH7PD/view?usp=drive_link,https://drive.google.com/file/d/1o8Wi7Xvm0r_BNNh855wVcBGCOKBeH7PD/view?usp=sharing,venkateswaran.k@cmrit.ac.in,"CONTACT DETAILS:

Incase you have any queries or require assistance, please do not hesitate to reach-out to us at:

Mob. 7204691253/9870647279/9739456428

Mail id: venkateswaran.k@cmrit.ac.in,susheelkumar.s@cmrit.ac.in,sridhar.n@cmrit.ac.in","CMR Institute of Technology 132 AECS Layout ITPL Main Road, Kundalahalli Bangalore 560037, India","The Department of ECE, CMR Institute of Technology, Bangalore-560037, presents a National Level Hackathon - ""Electrolython-2026"". We extend our warmest invitation to participate in our upcoming event aimed at fostering innovation and addressing critical challenges.

EVENT DETAILS:

* Date: 9th October 2026

* Venue: CMR Institute of Technology, Bengaluru-560037

-Team size: 2-4 Members

This 8-hour competition is open to students, makers, and innovators from diverse backgrounds and disciplines. Participants will have the opportunity to showcase their problem-solving skills and creativity while contributing to meaningful solutions in various areas, including software or hardware ideas.

The hackathon will be conducted in Two Phases: a short-listing round and the physical 8-hour Hackathon round.

Event Highlights

-Exciting prizes and Trophy for top-performing teams

-Develop impactful solutions to real-world problems

-Guidance from experienced mentors throughout the hackathon

For abstract Submission, please provide the details in the below link

https://forms.gle/jprnni1qrg3WWQSaA","THEMES:

1) VLSI & Embedded Systems.

2) Health care & Bio-Medical Signal Processing.

3) Assistive Technology for differently abled.

4) Smart Campus.

5) Agricultural Engineering.

6) Robotics & Automation.",Certificates will be provided to Participants,https://www.knowafest.com/explore/events/2026/08/0308-electrolython-2026-cmr-institute-technology-bengaluru-national-level-hackathon
Srishti 2k26,PSG College of Technology,Upcoming,"Coimbatore, Tamil Nadu",Offline,2026-10-10,2026-10-11,N/A,N/A,N/A,N/A,N/A,N/A,"National Level Technical Symposium, CSE, AIDS, ECE, IT, EEE, Instrumentation, Mechanical, Civil, Chemical, Metallurgy, Arts, Industrial, BioTechnology, MBA, MCA, Commerce, Telecommunication, Physics, BioMedical, Mechanics, Textile, Material, Design, Fashion, BBA, Food",https://www.knowafest.com/explore/events/2026/09/1210-srishti-2k26-psg-college-technology-national-level-technical-symposium-coimbatore,knowafest.com,2026-09-14T15:02:28Z,50,Srishti 2k26,PSG College of Technology,Coimbatore,Tamil Nadu,India,10th - 11th October 2026,National Level Technical Symposium,"CSE, AIDS, ECE, IT, EEE, Instrumentation, Mechanical, Civil, Chemical, Metallurgy, Arts, Industrial, BioTechnology, MBA, MCA, Commerce, Telecommunication, Physics, BioMedical, Mechanics, Textile, Material, Design, Fashion, BBA, Food","PSG Institutions - 250

Non PSG Institutions - 300",https://srishti.psgtech.ac.in,https://srishti.psgtech.ac.in,N/A,ieeesc12951@psgtech.ac.in,"Mathan - +91 93844 55610

Sindhu - +91 79047 24065

Faiz - +91 7598676710","Avinashi Rd, Peelamedu, Coimbatore, Tamil Nadu 641004","SRISHTI is the annual national-level technical symposium organized by the IEEE Students Chapter 12951, PSG College of Technology.

Since 2006, it has brought together students to learn, innovate, showcase technical skills, and exchange ideas.

The symposium provides a platform for students to compete, collaborate, and transform knowledge into practical experiences","4 Tech Events

4 Non Tech Events

3 Bot Events

3 Flagship Events

3 Gaming Events

10 Workshops

5 Paper Presentations",Certificates will be provided to Participants,https://www.knowafest.com/explore/events/2026/09/1210-srishti-2k26-psg-college-technology-national-level-technical-symposium-coimbatore
Great Indian Hackathon 2026,Sahrdaya College of Engineering and Technology,Upcoming,"Thrissur, Kerala",Online,2026-12-31,N/A,N/A,N/A,N/A,N/A,N/A,N/A,"Hackathon, CSE, AIDS, ECE, IT, EEE, Instrumentation, Mechanical, Energy, Industrial, MBA, MCA, Telecommunication, Automobile, Design, Media, BBA, PolyTechnic",https://www.knowafest.com/explore/events/2026/02/1221-great-indian-hackathon-2026-sahrdaya-college-engineering-technology-thrissur,knowafest.com,2026-09-14T15:02:29Z,51,Great Indian Hackathon 2026,Sahrdaya College of Engineering and Technology,Thrissur,Kerala,India,1st November - 31st December 2026,Hackathon,"CSE, AIDS, ECE, IT, EEE, Instrumentation, Mechanical, Energy, Industrial, MBA, MCA, Telecommunication, Automobile, Design, Media, BBA, PolyTechnic",149,https://konfhub.com/gih2026,https://greatindianhackathon.in/,https://www.linkedin.com/company/greatindianhackathon,admin@greatindianhackathon.in,admin@greatindianhackathon.in,N/A,"The Great Indian Hackathon is an international online hackathon for College Students. Being a fully remote event, students can participate right from the comfort of their homes.

Domain: Android™ App Development

No coding experience necessary! This year focuses on Android™ development using Kotlin and Jetpack Compose. Our pre-hackathon Keynotes, 5-day internship, and MOOC course will fully prepare you.

An all-in-one opportunity to learn, build a project, strengthen your resume, and connect with industry experts. All sessions, including the internship and keynotes, will be conducted live via Google Meet.","24 Hour Hackathon

1 week Internship

Industry Keynotes

MOOC Course",Certificates will be provided to Participants,https://www.knowafest.com/explore/events/2026/02/1221-great-indian-hackathon-2026-sahrdaya-college-engineering-technology-thrissur
